2026-06-10T10:23:29.906+03:00  INFO 6437 --- [restartedMain] com.project1.sms.SmsApplication          : Starting SmsApplication using Java 26.0.1 with PID 6437 (/home/zioncd/IdeaProjects/sms/target/classes started by zioncd in /home/zioncd/IdeaProjects/sms)
2026-06-10T10:23:29.983+03:00  INFO 6437 --- [restartedMain] com.project1.sms.SmsApplication          : The following 1 profile is active: "dev"
2026-06-10T10:23:30.641+03:00  INFO 6437 --- [restartedMain] .e.DevToolsPropertyDefaultsPostProcessor : Devtools property defaults active! Set 'spring.devtools.add-properties' to 'false' to disable
2026-06-10T10:23:30.641+03:00  INFO 6437 --- [restartedMain] .e.DevToolsPropertyDefaultsPostProcessor : For additional web related logging consider setting the 'logging.level.web' property to 'DEBUG'
2026-06-10T10:23:30.823+03:00  INFO 6437 --- [restartedMain] .s.b.d.c.l.DockerComposeLifecycleManager : Using Docker Compose file /home/zioncd/IdeaProjects/sms/compose.yaml
2026-06-10T10:23:38.726+03:00  INFO 6437 --- [restartedMain] .s.b.d.c.l.DockerComposeLifecycleManager : There are already Docker Compose services running, skipping startup
2026-06-10T10:23:42.162+03:00  INFO 6437 --- [restartedMain] .s.d.r.c.RepositoryConfigurationDelegate : Bootstrapping Spring Data JPA repositories in DEFAULT mode.
2026-06-10T10:23:42.326+03:00  INFO 6437 --- [restartedMain] .s.d.r.c.RepositoryConfigurationDelegate : Finished Spring Data repository scanning in 152 ms. Found 23 JPA repository interfaces.
2026-06-10T10:23:44.668+03:00  INFO 6437 --- [restartedMain] o.s.boot.tomcat.TomcatWebServer          : Tomcat initialized with port 8085 (http)
2026-06-10T10:23:44.714+03:00  INFO 6437 --- [restartedMain] o.apache.catalina.core.StandardService   : Starting service [Tomcat]
2026-06-10T10:23:44.714+03:00  INFO 6437 --- [restartedMain] o.apache.catalina.core.StandardEngine    : Starting Servlet engine: [Apache Tomcat/11.0.20]
2026-06-10T10:23:44.756+03:00  INFO 6437 --- [restartedMain] b.w.c.s.WebApplicationContextInitializer : Root WebApplicationContext: initialization completed in 6016 ms
2026-06-10T10:23:45.925+03:00  INFO 6437 --- [restartedMain] org.hibernate.orm.jpa                    : HHH008540: Processing PersistenceUnitInfo [name: default]
2026-06-10T10:23:46.440+03:00  INFO 6437 --- [restartedMain] org.hibernate.orm.core                   : HHH000001: Hibernate ORM core version 7.2.7.Final
2026-06-10T10:23:48.227+03:00  INFO 6437 --- [restartedMain] o.s.o.j.p.SpringPersistenceUnitInfo      : No LoadTimeWeaver setup: ignoring JPA class transformer
2026-06-10T10:23:48.499+03:00  INFO 6437 --- [restartedMain] com.zaxxer.hikari.HikariDataSource       : HikariPool-1 - Starting...
2026-06-10T10:23:54.425+03:00  INFO 6437 --- [restartedMain] com.zaxxer.hikari.pool.HikariPool        : HikariPool-1 - Added connection org.postgresql.jdbc.PgConnection@7539d490
2026-06-10T10:23:54.531+03:00  INFO 6437 --- [restartedMain] com.zaxxer.hikari.HikariDataSource       : HikariPool-1 - Start completed.
2026-06-10T10:23:54.990+03:00  WARN 6437 --- [restartedMain] org.hibernate.orm.deprecation            : HHH90000025: PostgreSQLDialect does not need to be specified explicitly using 'hibernate.dialect' (remove the property setting and it will be selected by default)
2026-06-10T10:23:55.143+03:00  INFO 6437 --- [restartedMain] org.hibernate.orm.connections.pooling    : HHH10001005: Database info:
	Database JDBC URL [jdbc:postgresql://127.0.0.1:5433/sms]
	Database driver: PostgreSQL JDBC Driver
	Database dialect: PostgreSQLDialect
	Database version: 16.1
	Default catalog/schema: sms/public
	Autocommit mode: undefined/unknown
	Isolation level: READ_COMMITTED [default READ_COMMITTED]
	JDBC fetch size: none
	Pool: DataSourceConnectionProvider
	Minimum pool size: undefined/unknown
	Maximum pool size: undefined/unknown
2026-06-10T10:24:00.571+03:00  INFO 6437 --- [restartedMain] org.hibernate.orm.core                   : HHH000489: No JTA platform available (set 'hibernate.transaction.jta.platform' to enable JTA platform integration)
2026-06-10T10:24:03.897+03:00  WARN 6437 --- [restartedMain] org.hibernate.orm.jdbc.warn              : HHH000247: ErrorCode: 0, SQLState: 00000
2026-06-10T10:24:03.914+03:00  WARN 6437 --- [restartedMain] org.hibernate.orm.jdbc.warn              : constraint "UK2e8m51c0drnyu32tefw5uksdj" of relation "Course" does not exist, skipping
2026-06-10T10:24:03.970+03:00  WARN 6437 --- [restartedMain] org.hibernate.orm.jdbc.warn              : HHH000247: ErrorCode: 0, SQLState: 00000
2026-06-10T10:24:03.970+03:00  WARN 6437 --- [restartedMain] org.hibernate.orm.jdbc.warn              : constraint "UK9jeops10t866svb92jyumsv6f" of relation "CourseAssignment" does not exist, skipping
2026-06-10T10:24:04.053+03:00  WARN 6437 --- [restartedMain] org.hibernate.orm.jdbc.warn              : HHH000247: ErrorCode: 0, SQLState: 00000
2026-06-10T10:24:04.054+03:00  WARN 6437 --- [restartedMain] org.hibernate.orm.jdbc.warn              : constraint "UKr86kajojcrenhhanx3gioxpql" of relation "CurrentSem" does not exist, skipping
2026-06-10T10:24:04.128+03:00  WARN 6437 --- [restartedMain] org.hibernate.orm.jdbc.warn              : HHH000247: ErrorCode: 0, SQLState: 00000
2026-06-10T10:24:04.128+03:00  WARN 6437 --- [restartedMain] org.hibernate.orm.jdbc.warn              : constraint "UK6h5vwwgax5f7e4q9pdiimmbq3" of relation "Department" does not exist, skipping
2026-06-10T10:24:04.223+03:00  WARN 6437 --- [restartedMain] org.hibernate.orm.jdbc.warn              : HHH000247: ErrorCode: 0, SQLState: 00000
2026-06-10T10:24:04.224+03:00  WARN 6437 --- [restartedMain] org.hibernate.orm.jdbc.warn              : constraint "UKpqp9etlmv2fu8k3r3hpl6dace" of relation "Department" does not exist, skipping
2026-06-10T10:24:04.311+03:00  WARN 6437 --- [restartedMain] org.hibernate.orm.jdbc.warn              : HHH000247: ErrorCode: 0, SQLState: 00000
2026-06-10T10:24:04.312+03:00  WARN 6437 --- [restartedMain] org.hibernate.orm.jdbc.warn              : constraint "UKtddoo5k2yx13aiw09y1nxorod" of relation "Section" does not exist, skipping
2026-06-10T10:24:04.395+03:00  WARN 6437 --- [restartedMain] org.hibernate.orm.jdbc.warn              : HHH000247: ErrorCode: 0, SQLState: 00000
2026-06-10T10:24:04.395+03:00  WARN 6437 --- [restartedMain] org.hibernate.orm.jdbc.warn              : constraint "UKcyftf9e2c1y5656f5bkfeoa8c" of relation "Student" does not exist, skipping
2026-06-10T10:24:04.553+03:00  WARN 6437 --- [restartedMain] org.hibernate.orm.jdbc.warn              : HHH000247: ErrorCode: 0, SQLState: 00000
2026-06-10T10:24:04.554+03:00  WARN 6437 --- [restartedMain] org.hibernate.orm.jdbc.warn              : constraint "UK5hsxkmc6r4ytjh9mxy1ila8em" of relation "Teacher" does not exist, skipping
2026-06-10T10:24:04.637+03:00  WARN 6437 --- [restartedMain] org.hibernate.orm.jdbc.warn              : HHH000247: ErrorCode: 0, SQLState: 00000
2026-06-10T10:24:04.637+03:00  WARN 6437 --- [restartedMain] org.hibernate.orm.jdbc.warn              : constraint "UKoshmjvr6wht0bg9oivn75aajr" of relation "user" does not exist, skipping
2026-06-10T10:24:04.713+03:00  WARN 6437 --- [restartedMain] org.hibernate.orm.jdbc.warn              : HHH000247: ErrorCode: 0, SQLState: 00000
2026-06-10T10:24:04.713+03:00  WARN 6437 --- [restartedMain] org.hibernate.orm.jdbc.warn              : constraint "UKmjxjb56jtudqabg6t3ikbej66" of relation "user" does not exist, skipping
2026-06-10T10:24:04.795+03:00  WARN 6437 --- [restartedMain] org.hibernate.orm.jdbc.warn              : HHH000247: ErrorCode: 0, SQLState: 00000
2026-06-10T10:24:04.799+03:00  WARN 6437 --- [restartedMain] org.hibernate.orm.jdbc.warn              : constraint "UKngoqgp6vvfm8rtlb1rel5vgnb" of relation "user" does not exist, skipping
2026-06-10T10:24:04.870+03:00  WARN 6437 --- [restartedMain] org.hibernate.orm.jdbc.warn              : HHH000247: ErrorCode: 0, SQLState: 00000
2026-06-10T10:24:04.870+03:00  WARN 6437 --- [restartedMain] org.hibernate.orm.jdbc.warn              : constraint "UKj49x5f33vypewo5ejvl507jkn" of relation "user" does not exist, skipping
2026-06-10T10:24:05.431+03:00  INFO 6437 --- [restartedMain] j.LocalContainerEntityManagerFactoryBean : Initialized JPA EntityManagerFactory for persistence unit 'default'
2026-06-10T10:24:05.902+03:00  INFO 6437 --- [restartedMain] o.s.d.j.r.query.QueryEnhancerFactories   : Hibernate is in classpath; If applicable, HQL parser will be used.
2026-06-10T10:24:08.918+03:00  INFO 6437 --- [restartedMain] eAuthenticationProviderManagerConfigurer : Global AuthenticationManager configured with AuthenticationProvider bean with name authenticationProvider
2026-06-10T10:24:08.919+03:00  WARN 6437 --- [restartedMain] r$InitializeUserDetailsManagerConfigurer : Global AuthenticationManager configured with an AuthenticationProvider bean. UserDetailsService beans will not be used by Spring Security for automatically configuring username/password login. Consider removing the AuthenticationProvider bean. Alternatively, consider using the UserDetailsService in a manually instantiated DaoAuthenticationProvider. If the current configuration is intentional, to turn off this warning, increase the logging level of 'org.springframework.security.config.annotation.authentication.configuration.InitializeUserDetailsBeanManagerConfigurer' to ERROR
2026-06-10T10:24:25.359+03:00  WARN 6437 --- [restartedMain] s.w.s.m.m.a.RequestMappingHandlerMapping : Multiple @RequestMapping annotations found on public org.springframework.http.ResponseEntity com.project1.sms.controller.ProgramController.getAllProgram(), but only the first will be used: [@org.springframework.web.bind.annotation.GetMapping(consumes={}, headers={}, name="", params={}, path={}, produces={}, value={}, version=""), @org.springframework.web.bind.annotation.PostMapping(consumes={}, headers={}, name="", params={}, path={}, produces={}, value={}, version="")]
2026-06-10T10:24:25.701+03:00 DEBUG 6437 --- [restartedMain] o.s.s.web.DefaultSecurityFilterChain     : Will secure any request with filters: DisableEncodeUrlFilter, WebAsyncManagerIntegrationFilter, SecurityContextHolderFilter, HeaderWriterFilter, CorsFilter, LogoutFilter, OAuth2ProtectedResourceMetadataFilter, BearerTokenAuthenticationFilter, AuthenticationFilter, RequestCacheAwareFilter, SecurityContextHolderAwareRequestFilter, AnonymousAuthenticationFilter, SessionManagementFilter, ExceptionTranslationFilter, AuthorizationFilter
2026-06-10T10:24:28.323+03:00  INFO 6437 --- [restartedMain] o.s.boot.tomcat.TomcatWebServer          : Tomcat started on port 8085 (http) with context path '/'
2026-06-10T10:24:28.502+03:00  INFO 6437 --- [restartedMain] com.project1.sms.SmsApplication          : Started SmsApplication in 60.505 seconds (process running for 72.436)
2026-06-10T10:24:53.905+03:00  INFO 6437 --- [SpringApplicationShutdownHook] o.s.boot.tomcat.GracefulShutdown         : Commencing graceful shutdown. Waiting for active requests to complete
2026-06-10T10:24:54.139+03:00  INFO 6437 --- [tomcat-shutdown] o.s.boot.tomcat.GracefulShutdown         : Graceful shutdown complete
2026-06-10T10:24:54.187+03:00  INFO 6437 --- [SpringApplicationShutdownHook] j.LocalContainerEntityManagerFactoryBean : Closing JPA EntityManagerFactory for persistence unit 'default'
2026-06-10T10:24:54.202+03:00  INFO 6437 --- [SpringApplicationShutdownHook] com.zaxxer.hikari.HikariDataSource       : HikariPool-1 - Shutdown initiated...
2026-06-10T10:24:54.212+03:00  INFO 6437 --- [SpringApplicationShutdownHook] com.zaxxer.hikari.HikariDataSource       : HikariPool-1 - Shutdown completed.
2026-06-10T10:32:42.657+03:00  INFO 6723 --- [restartedMain] com.project1.sms.SmsApplication          : Starting SmsApplication using Java 26.0.1 with PID 6723 (/home/zioncd/IdeaProjects/sms/target/classes started by zioncd in /home/zioncd/IdeaProjects/sms)
2026-06-10T10:32:42.694+03:00  INFO 6723 --- [restartedMain] com.project1.sms.SmsApplication          : The following 1 profile is active: "dev"
2026-06-10T10:32:42.904+03:00  INFO 6723 --- [restartedMain] .e.DevToolsPropertyDefaultsPostProcessor : Devtools property defaults active! Set 'spring.devtools.add-properties' to 'false' to disable
2026-06-10T10:32:42.904+03:00  INFO 6723 --- [restartedMain] .e.DevToolsPropertyDefaultsPostProcessor : For additional web related logging consider setting the 'logging.level.web' property to 'DEBUG'
2026-06-10T10:32:42.955+03:00  INFO 6723 --- [restartedMain] .s.b.d.c.l.DockerComposeLifecycleManager : Using Docker Compose file /home/zioncd/IdeaProjects/sms/compose.yaml
2026-06-10T10:32:48.969+03:00  INFO 6723 --- [restartedMain] .s.b.d.c.l.DockerComposeLifecycleManager : There are already Docker Compose services running, skipping startup
2026-06-10T10:32:52.444+03:00  INFO 6723 --- [restartedMain] .s.d.r.c.RepositoryConfigurationDelegate : Bootstrapping Spring Data JPA repositories in DEFAULT mode.
2026-06-10T10:32:52.617+03:00  INFO 6723 --- [restartedMain] .s.d.r.c.RepositoryConfigurationDelegate : Finished Spring Data repository scanning in 149 ms. Found 23 JPA repository interfaces.
2026-06-10T10:32:55.148+03:00  INFO 6723 --- [restartedMain] o.s.boot.tomcat.TomcatWebServer          : Tomcat initialized with port 8085 (http)
2026-06-10T10:32:55.186+03:00  INFO 6723 --- [restartedMain] o.apache.catalina.core.StandardService   : Starting service [Tomcat]
2026-06-10T10:32:55.187+03:00  INFO 6723 --- [restartedMain] o.apache.catalina.core.StandardEngine    : Starting Servlet engine: [Apache Tomcat/11.0.20]
2026-06-10T10:32:55.228+03:00  INFO 6723 --- [restartedMain] b.w.c.s.WebApplicationContextInitializer : Root WebApplicationContext: initialization completed in 6236 ms
2026-06-10T10:32:55.787+03:00  INFO 6723 --- [restartedMain] org.hibernate.orm.jpa                    : HHH008540: Processing PersistenceUnitInfo [name: default]
2026-06-10T10:32:56.082+03:00  INFO 6723 --- [restartedMain] org.hibernate.orm.core                   : HHH000001: Hibernate ORM core version 7.2.7.Final
2026-06-10T10:32:57.147+03:00  INFO 6723 --- [restartedMain] o.s.o.j.p.SpringPersistenceUnitInfo      : No LoadTimeWeaver setup: ignoring JPA class transformer
2026-06-10T10:32:57.222+03:00  INFO 6723 --- [restartedMain] com.zaxxer.hikari.HikariDataSource       : HikariPool-1 - Starting...
2026-06-10T10:33:00.502+03:00  INFO 6723 --- [restartedMain] com.zaxxer.hikari.pool.HikariPool        : HikariPool-1 - Added connection org.postgresql.jdbc.PgConnection@57f83c4a
2026-06-10T10:33:00.505+03:00  INFO 6723 --- [restartedMain] com.zaxxer.hikari.HikariDataSource       : HikariPool-1 - Start completed.
2026-06-10T10:33:00.734+03:00  WARN 6723 --- [restartedMain] org.hibernate.orm.deprecation            : HHH90000025: PostgreSQLDialect does not need to be specified explicitly using 'hibernate.dialect' (remove the property setting and it will be selected by default)
2026-06-10T10:33:00.918+03:00  INFO 6723 --- [restartedMain] org.hibernate.orm.connections.pooling    : HHH10001005: Database info:
	Database JDBC URL [jdbc:postgresql://127.0.0.1:5433/sms]
	Database driver: PostgreSQL JDBC Driver
	Database dialect: PostgreSQLDialect
	Database version: 16.1
	Default catalog/schema: sms/public
	Autocommit mode: undefined/unknown
	Isolation level: READ_COMMITTED [default READ_COMMITTED]
	JDBC fetch size: none
	Pool: DataSourceConnectionProvider
	Minimum pool size: undefined/unknown
	Maximum pool size: undefined/unknown
2026-06-10T10:33:48.377+03:00  INFO 6723 --- [restartedMain] org.hibernate.orm.core                   : HHH000489: No JTA platform available (set 'hibernate.transaction.jta.platform' to enable JTA platform integration)
2026-06-10T10:33:48.646+03:00  INFO 6723 --- [restartedMain] j.LocalContainerEntityManagerFactoryBean : Initialized JPA EntityManagerFactory for persistence unit 'default'
2026-06-10T10:33:49.224+03:00  INFO 6723 --- [restartedMain] o.s.d.j.r.query.QueryEnhancerFactories   : Hibernate is in classpath; If applicable, HQL parser will be used.
2026-06-10T10:34:00.706+03:00  INFO 6723 --- [restartedMain] eAuthenticationProviderManagerConfigurer : Global AuthenticationManager configured with AuthenticationProvider bean with name authenticationProvider
2026-06-10T10:34:00.708+03:00  WARN 6723 --- [restartedMain] r$InitializeUserDetailsManagerConfigurer : Global AuthenticationManager configured with an AuthenticationProvider bean. UserDetailsService beans will not be used by Spring Security for automatically configuring username/password login. Consider removing the AuthenticationProvider bean. Alternatively, consider using the UserDetailsService in a manually instantiated DaoAuthenticationProvider. If the current configuration is intentional, to turn off this warning, increase the logging level of 'org.springframework.security.config.annotation.authentication.configuration.InitializeUserDetailsBeanManagerConfigurer' to ERROR
2026-06-10T10:34:45.462+03:00  WARN 6723 --- [restartedMain] s.w.s.m.m.a.RequestMappingHandlerMapping : Multiple @RequestMapping annotations found on public org.springframework.http.ResponseEntity com.project1.sms.controller.ProgramController.getAllProgram(), but only the first will be used: [@org.springframework.web.bind.annotation.GetMapping(consumes={}, headers={}, name="", params={}, path={}, produces={}, value={}, version=""), @org.springframework.web.bind.annotation.PostMapping(consumes={}, headers={}, name="", params={}, path={}, produces={}, value={}, version="")]
2026-06-10T10:34:46.819+03:00 DEBUG 6723 --- [restartedMain] o.s.s.web.DefaultSecurityFilterChain     : Will secure any request with filters: DisableEncodeUrlFilter, WebAsyncManagerIntegrationFilter, SecurityContextHolderFilter, HeaderWriterFilter, CorsFilter, LogoutFilter, OAuth2ProtectedResourceMetadataFilter, BearerTokenAuthenticationFilter, AuthenticationFilter, RequestCacheAwareFilter, SecurityContextHolderAwareRequestFilter, AnonymousAuthenticationFilter, SessionManagementFilter, ExceptionTranslationFilter, AuthorizationFilter
2026-06-10T10:34:59.154+03:00  INFO 6723 --- [restartedMain] o.s.boot.tomcat.TomcatWebServer          : Tomcat started on port 8085 (http) with context path '/'
2026-06-10T10:34:59.381+03:00  INFO 6723 --- [restartedMain] com.project1.sms.SmsApplication          : Started SmsApplication in 144.054 seconds (process running for 155.802)
2026-06-10T11:13:47.164+03:00  INFO 6723 --- [http-nio-8085-exec-2] o.a.c.c.C.[Tomcat].[localhost].[/]       : Initializing Spring DispatcherServlet 'dispatcherServlet'
2026-06-10T11:13:47.219+03:00  INFO 6723 --- [http-nio-8085-exec-2] o.s.web.servlet.DispatcherServlet        : Initializing Servlet 'dispatcherServlet'
2026-06-10T11:13:47.739+03:00  INFO 6723 --- [http-nio-8085-exec-2] o.s.web.servlet.DispatcherServlet        : Completed initialization in 489 ms
2026-06-10T11:13:48.581+03:00 DEBUG 6723 --- [http-nio-8085-exec-2] o.s.security.web.FilterChainProxy        : Securing POST /api/auth/login
2026-06-10T11:13:48.860+03:00  WARN 6723 --- [http-nio-8085-exec-2] o.s.w.s.h.HandlerMappingIntrospector     : Cache miss for REQUEST dispatch to '/api/auth/login' (previous null). Performing CorsConfiguration lookup. This is logged once only at WARN level, and every time at TRACE.
2026-06-10T11:13:49.430+03:00 DEBUG 6723 --- [http-nio-8085-exec-2] o.s.s.w.a.AnonymousAuthenticationFilter  : Set SecurityContextHolder to anonymous SecurityContext
2026-06-10T11:13:49.445+03:00 DEBUG 6723 --- [http-nio-8085-exec-2] o.s.security.web.FilterChainProxy        : Secured POST /api/auth/login
2026-06-10T11:13:53.256+03:00 DEBUG 6723 --- [http-nio-8085-exec-2] horizationManagerBeforeMethodInterceptor : Authorizing method invocation ReflectiveMethodInvocation: public org.springframework.http.ResponseEntity com.project1.sms.controller.AuthController.login(com.project1.sms.requestDTO.LoginRequest); target is of class [com.project1.sms.controller.AuthController]
2026-06-10T11:13:53.687+03:00 DEBUG 6723 --- [http-nio-8085-exec-2] horizationManagerBeforeMethodInterceptor : Authorized method invocation ReflectiveMethodInvocation: public org.springframework.http.ResponseEntity com.project1.sms.controller.AuthController.login(com.project1.sms.requestDTO.LoginRequest); target is of class [com.project1.sms.controller.AuthController]
2026-06-10T11:14:08.062+03:00 DEBUG 6723 --- [http-nio-8085-exec-2] o.s.s.a.dao.DaoAuthenticationProvider    : Failed to find user 'system@zion'
2026-06-10T11:14:08.168+03:00 DEBUG 6723 --- [http-nio-8085-exec-2] o.s.s.authentication.ProviderManager     : Authentication failed with provider DaoAuthenticationProvider since Bad credentials
2026-06-10T11:14:15.694+03:00  WARN 6723 --- [http-nio-8085-exec-2] .m.m.a.ExceptionHandlerExceptionResolver : Resolved [org.springframework.security.authentication.BadCredentialsException: Bad credentials]
2026-06-10T11:14:23.878+03:00 DEBUG 6723 --- [http-nio-8085-exec-3] o.s.security.web.FilterChainProxy        : Securing POST /api/auth/login
2026-06-10T11:14:23.879+03:00 DEBUG 6723 --- [http-nio-8085-exec-3] o.s.s.w.a.AnonymousAuthenticationFilter  : Set SecurityContextHolder to anonymous SecurityContext
2026-06-10T11:14:23.879+03:00 DEBUG 6723 --- [http-nio-8085-exec-3] o.s.security.web.FilterChainProxy        : Secured POST /api/auth/login
2026-06-10T11:14:23.881+03:00 DEBUG 6723 --- [http-nio-8085-exec-3] horizationManagerBeforeMethodInterceptor : Authorizing method invocation ReflectiveMethodInvocation: public org.springframework.http.ResponseEntity com.project1.sms.controller.AuthController.login(com.project1.sms.requestDTO.LoginRequest); target is of class [com.project1.sms.controller.AuthController]
2026-06-10T11:14:23.881+03:00 DEBUG 6723 --- [http-nio-8085-exec-3] horizationManagerBeforeMethodInterceptor : Authorized method invocation ReflectiveMethodInvocation: public org.springframework.http.ResponseEntity com.project1.sms.controller.AuthController.login(com.project1.sms.requestDTO.LoginRequest); target is of class [com.project1.sms.controller.AuthController]
2026-06-10T11:14:24.180+03:00 DEBUG 6723 --- [http-nio-8085-exec-3] o.s.s.a.dao.DaoAuthenticationProvider    : Failed to find user 'system@zion'
2026-06-10T11:14:24.180+03:00 DEBUG 6723 --- [http-nio-8085-exec-3] o.s.s.authentication.ProviderManager     : Authentication failed with provider DaoAuthenticationProvider since Bad credentials
2026-06-10T11:14:24.215+03:00  WARN 6723 --- [http-nio-8085-exec-3] .m.m.a.ExceptionHandlerExceptionResolver : Resolved [org.springframework.security.authentication.BadCredentialsException: Bad credentials]
2026-06-10T11:14:52.312+03:00 DEBUG 6723 --- [http-nio-8085-exec-4] o.s.security.web.FilterChainProxy        : Securing POST /api/auth/login
2026-06-10T11:14:52.314+03:00 DEBUG 6723 --- [http-nio-8085-exec-4] o.s.s.w.a.AnonymousAuthenticationFilter  : Set SecurityContextHolder to anonymous SecurityContext
2026-06-10T11:14:52.314+03:00 DEBUG 6723 --- [http-nio-8085-exec-4] o.s.security.web.FilterChainProxy        : Secured POST /api/auth/login
2026-06-10T11:14:52.317+03:00 DEBUG 6723 --- [http-nio-8085-exec-4] horizationManagerBeforeMethodInterceptor : Authorizing method invocation ReflectiveMethodInvocation: public org.springframework.http.ResponseEntity com.project1.sms.controller.AuthController.login(com.project1.sms.requestDTO.LoginRequest); target is of class [com.project1.sms.controller.AuthController]
2026-06-10T11:14:52.317+03:00 DEBUG 6723 --- [http-nio-8085-exec-4] horizationManagerBeforeMethodInterceptor : Authorized method invocation ReflectiveMethodInvocation: public org.springframework.http.ResponseEntity com.project1.sms.controller.AuthController.login(com.project1.sms.requestDTO.LoginRequest); target is of class [com.project1.sms.controller.AuthController]
2026-06-10T11:14:52.533+03:00 DEBUG 6723 --- [http-nio-8085-exec-4] o.s.s.a.dao.DaoAuthenticationProvider    : Failed to find user 'system@zion'
2026-06-10T11:14:52.534+03:00 DEBUG 6723 --- [http-nio-8085-exec-4] o.s.s.authentication.ProviderManager     : Authentication failed with provider DaoAuthenticationProvider since Bad credentials
2026-06-10T11:14:52.536+03:00  WARN 6723 --- [http-nio-8085-exec-4] .m.m.a.ExceptionHandlerExceptionResolver : Resolved [org.springframework.security.authentication.BadCredentialsException: Bad credentials]
2026-06-10T11:15:55.254+03:00 DEBUG 6723 --- [http-nio-8085-exec-8] o.s.security.web.FilterChainProxy        : Securing POST /api/auth/login
2026-06-10T11:15:55.258+03:00 DEBUG 6723 --- [http-nio-8085-exec-8] o.s.s.w.a.AnonymousAuthenticationFilter  : Set SecurityContextHolder to anonymous SecurityContext
2026-06-10T11:15:55.258+03:00 DEBUG 6723 --- [http-nio-8085-exec-8] o.s.security.web.FilterChainProxy        : Secured POST /api/auth/login
2026-06-10T11:15:55.261+03:00 DEBUG 6723 --- [http-nio-8085-exec-8] horizationManagerBeforeMethodInterceptor : Authorizing method invocation ReflectiveMethodInvocation: public org.springframework.http.ResponseEntity com.project1.sms.controller.AuthController.login(com.project1.sms.requestDTO.LoginRequest); target is of class [com.project1.sms.controller.AuthController]
2026-06-10T11:15:55.264+03:00 DEBUG 6723 --- [http-nio-8085-exec-8] horizationManagerBeforeMethodInterceptor : Authorized method invocation ReflectiveMethodInvocation: public org.springframework.http.ResponseEntity com.project1.sms.controller.AuthController.login(com.project1.sms.requestDTO.LoginRequest); target is of class [com.project1.sms.controller.AuthController]
2026-06-10T11:15:56.422+03:00 DEBUG 6723 --- [http-nio-8085-exec-8] o.s.s.a.dao.DaoAuthenticationProvider    : Authenticated user
2026-06-10T11:21:07.899+03:00 DEBUG 6723 --- [http-nio-8085-exec-10] o.s.security.web.FilterChainProxy        : Securing POST /api/users
2026-06-10T11:21:07.989+03:00 DEBUG 6723 --- [http-nio-8085-exec-10] o.s.s.o.s.r.a.JwtAuthenticationProvider  : Authenticated token
2026-06-10T11:21:07.992+03:00 DEBUG 6723 --- [http-nio-8085-exec-10] .s.r.w.a.BearerTokenAuthenticationFilter : Set SecurityContextHolder to JwtAuthenticationToken [Principal=org.springframework.security.oauth2.jwt.Jwt@f48d3452, Credentials=[PROTECTED], Authenticated=true, Details=WebAuthenticationDetails [RemoteIpAddress=0:0:0:0:0:0:0:1, SessionId=null], Granted Authorities=[FactorGrantedAuthority [authority=FACTOR_BEARER, issuedAt=2026-06-10T08:21:07.963827893Z], ROLE_ADMIN]]
2026-06-10T11:21:07.994+03:00 DEBUG 6723 --- [http-nio-8085-exec-10] o.s.security.web.FilterChainProxy        : Secured POST /api/users
2026-06-10T11:21:08.344+03:00  WARN 6723 --- [http-nio-8085-exec-10] .m.m.a.ExceptionHandlerExceptionResolver : Resolved [org.springframework.web.bind.MethodArgumentNotValidException: Validation failed for argument [0] in public org.springframework.http.ResponseEntity<com.project1.sms.globalResponse.GlobalResponse<com.project1.sms.responseDto.UserResponse>> com.project1.sms.controller.UserController.createUser(com.project1.sms.requestDTO.RegisterRequest): [Field error in object 'registerRequest' on field 'roles': rejected value [null]; codes [NotEmpty.registerRequest.roles,NotEmpty.roles,NotEmpty.java.util.Set,NotEmpty]; arguments [org.springframework.context.support.DefaultMessageSourceResolvable: codes [registerRequest.roles,roles]; arguments []; default message [roles]]; default message [At least one role is required]] ]
2026-06-10T11:21:21.493+03:00 DEBUG 6723 --- [http-nio-8085-exec-1] o.s.security.web.FilterChainProxy        : Securing POST /api/users
2026-06-10T11:21:21.494+03:00 DEBUG 6723 --- [http-nio-8085-exec-1] o.s.s.o.s.r.a.JwtAuthenticationProvider  : Authenticated token
2026-06-10T11:21:21.495+03:00 DEBUG 6723 --- [http-nio-8085-exec-1] .s.r.w.a.BearerTokenAuthenticationFilter : Set SecurityContextHolder to JwtAuthenticationToken [Principal=org.springframework.security.oauth2.jwt.Jwt@f48d3452, Credentials=[PROTECTED], Authenticated=true, Details=WebAuthenticationDetails [RemoteIpAddress=0:0:0:0:0:0:0:1, SessionId=null], Granted Authorities=[FactorGrantedAuthority [authority=FACTOR_BEARER, issuedAt=2026-06-10T08:21:21.494927321Z], ROLE_ADMIN]]
2026-06-10T11:21:21.495+03:00 DEBUG 6723 --- [http-nio-8085-exec-1] o.s.security.web.FilterChainProxy        : Secured POST /api/users
2026-06-10T11:21:21.528+03:00  WARN 6723 --- [http-nio-8085-exec-1] .m.m.a.ExceptionHandlerExceptionResolver : Resolved [org.springframework.http.converter.HttpMessageNotReadableException: JSON parse error: Cannot deserialize value of type `com.project1.sms.enumeration.Role` from String "VISE_DEAN": not one of the values accepted for Enum class: [TEACHER, REGISTRAR_OFFICER, FINANCE_HEAD, ACADEMIC_DEAN, HR, CEO, DEAN, ADMIN, FINANCE_OFFICER, REGISTRAR_HEAD, VICE_DEAN, STUDENT, DEPARTMENT_HEAD]]
2026-06-10T11:26:52.966+03:00 DEBUG 6723 --- [http-nio-8085-exec-2] o.s.security.web.FilterChainProxy        : Securing POST /api/users
2026-06-10T11:26:53.187+03:00 DEBUG 6723 --- [http-nio-8085-exec-2] o.s.s.o.s.r.a.JwtAuthenticationProvider  : Authenticated token
2026-06-10T11:26:53.188+03:00 DEBUG 6723 --- [http-nio-8085-exec-2] .s.r.w.a.BearerTokenAuthenticationFilter : Set SecurityContextHolder to JwtAuthenticationToken [Principal=org.springframework.security.oauth2.jwt.Jwt@f48d3452, Credentials=[PROTECTED], Authenticated=true, Details=WebAuthenticationDetails [RemoteIpAddress=0:0:0:0:0:0:0:1, SessionId=null], Granted Authorities=[ROLE_ADMIN, FactorGrantedAuthority [authority=FACTOR_BEARER, issuedAt=2026-06-10T08:26:53.187452106Z]]]
2026-06-10T11:26:53.188+03:00 DEBUG 6723 --- [http-nio-8085-exec-2] o.s.security.web.FilterChainProxy        : Secured POST /api/users
2026-06-10T11:26:53.296+03:00 DEBUG 6723 --- [http-nio-8085-exec-2] horizationManagerBeforeMethodInterceptor : Authorizing method invocation ReflectiveMethodInvocation: public org.springframework.http.ResponseEntity com.project1.sms.controller.UserController.createUser(com.project1.sms.requestDTO.RegisterRequest); target is of class [com.project1.sms.controller.UserController]
2026-06-10T11:26:53.394+03:00 DEBUG 6723 --- [http-nio-8085-exec-2] horizationManagerBeforeMethodInterceptor : Authorized method invocation ReflectiveMethodInvocation: public org.springframework.http.ResponseEntity com.project1.sms.controller.UserController.createUser(com.project1.sms.requestDTO.RegisterRequest); target is of class [com.project1.sms.controller.UserController]
2026-06-10T11:32:09.674+03:00 DEBUG 6723 --- [http-nio-8085-exec-4] o.s.security.web.FilterChainProxy        : Securing POST /api/departments?depName=Business%20Managment
2026-06-10T11:32:09.841+03:00 DEBUG 6723 --- [http-nio-8085-exec-4] o.s.s.o.s.r.a.JwtAuthenticationProvider  : Authenticated token
2026-06-10T11:32:09.841+03:00 DEBUG 6723 --- [http-nio-8085-exec-4] .s.r.w.a.BearerTokenAuthenticationFilter : Set SecurityContextHolder to JwtAuthenticationToken [Principal=org.springframework.security.oauth2.jwt.Jwt@f48d3452, Credentials=[PROTECTED], Authenticated=true, Details=WebAuthenticationDetails [RemoteIpAddress=0:0:0:0:0:0:0:1, SessionId=null], Granted Authorities=[FactorGrantedAuthority [authority=FACTOR_BEARER, issuedAt=2026-06-10T08:32:09.841074513Z], ROLE_ADMIN]]
2026-06-10T11:32:09.841+03:00 DEBUG 6723 --- [http-nio-8085-exec-4] o.s.security.web.FilterChainProxy        : Secured POST /api/departments?depName=Business%20Managment
2026-06-10T11:32:10.145+03:00 DEBUG 6723 --- [http-nio-8085-exec-4] horizationManagerBeforeMethodInterceptor : Authorizing method invocation ReflectiveMethodInvocation: public org.springframework.http.ResponseEntity com.project1.sms.controller.DepartmentController.createDepartment(java.lang.String); target is of class [com.project1.sms.controller.DepartmentController]
2026-06-10T11:32:10.147+03:00 DEBUG 6723 --- [http-nio-8085-exec-4] horizationManagerBeforeMethodInterceptor : Authorized method invocation ReflectiveMethodInvocation: public org.springframework.http.ResponseEntity com.project1.sms.controller.DepartmentController.createDepartment(java.lang.String); target is of class [com.project1.sms.controller.DepartmentController]
2026-06-10T11:32:41.858+03:00 DEBUG 6723 --- [http-nio-8085-exec-5] o.s.security.web.FilterChainProxy        : Securing POST /api/departments?depName=Information%20Technology
2026-06-10T11:32:41.862+03:00 DEBUG 6723 --- [http-nio-8085-exec-5] o.s.s.o.s.r.a.JwtAuthenticationProvider  : Authenticated token
2026-06-10T11:32:41.865+03:00 DEBUG 6723 --- [http-nio-8085-exec-5] .s.r.w.a.BearerTokenAuthenticationFilter : Set SecurityContextHolder to JwtAuthenticationToken [Principal=org.springframework.security.oauth2.jwt.Jwt@f48d3452, Credentials=[PROTECTED], Authenticated=true, Details=WebAuthenticationDetails [RemoteIpAddress=0:0:0:0:0:0:0:1, SessionId=null], Granted Authorities=[ROLE_ADMIN, FactorGrantedAuthority [authority=FACTOR_BEARER, issuedAt=2026-06-10T08:32:41.862552035Z]]]
2026-06-10T11:32:41.866+03:00 DEBUG 6723 --- [http-nio-8085-exec-5] o.s.security.web.FilterChainProxy        : Secured POST /api/departments?depName=Information%20Technology
2026-06-10T11:32:41.869+03:00 DEBUG 6723 --- [http-nio-8085-exec-5] horizationManagerBeforeMethodInterceptor : Authorizing method invocation ReflectiveMethodInvocation: public org.springframework.http.ResponseEntity com.project1.sms.controller.DepartmentController.createDepartment(java.lang.String); target is of class [com.project1.sms.controller.DepartmentController]
2026-06-10T11:32:41.870+03:00 DEBUG 6723 --- [http-nio-8085-exec-5] horizationManagerBeforeMethodInterceptor : Authorized method invocation ReflectiveMethodInvocation: public org.springframework.http.ResponseEntity com.project1.sms.controller.DepartmentController.createDepartment(java.lang.String); target is of class [com.project1.sms.controller.DepartmentController]
2026-06-10T11:33:24.497+03:00 DEBUG 6723 --- [http-nio-8085-exec-7] o.s.security.web.FilterChainProxy        : Securing POST /api/departments?depName=Computer%20Science
2026-06-10T11:33:24.500+03:00 DEBUG 6723 --- [http-nio-8085-exec-7] o.s.s.o.s.r.a.JwtAuthenticationProvider  : Authenticated token
2026-06-10T11:33:24.500+03:00 DEBUG 6723 --- [http-nio-8085-exec-7] .s.r.w.a.BearerTokenAuthenticationFilter : Set SecurityContextHolder to JwtAuthenticationToken [Principal=org.springframework.security.oauth2.jwt.Jwt@f48d3452, Credentials=[PROTECTED], Authenticated=true, Details=WebAuthenticationDetails [RemoteIpAddress=0:0:0:0:0:0:0:1, SessionId=null], Granted Authorities=[FactorGrantedAuthority [authority=FACTOR_BEARER, issuedAt=2026-06-10T08:33:24.500180446Z], ROLE_ADMIN]]
2026-06-10T11:33:24.500+03:00 DEBUG 6723 --- [http-nio-8085-exec-7] o.s.security.web.FilterChainProxy        : Secured POST /api/departments?depName=Computer%20Science
2026-06-10T11:33:24.504+03:00 DEBUG 6723 --- [http-nio-8085-exec-7] horizationManagerBeforeMethodInterceptor : Authorizing method invocation ReflectiveMethodInvocation: public org.springframework.http.ResponseEntity com.project1.sms.controller.DepartmentController.createDepartment(java.lang.String); target is of class [com.project1.sms.controller.DepartmentController]
2026-06-10T11:33:24.507+03:00 DEBUG 6723 --- [http-nio-8085-exec-7] horizationManagerBeforeMethodInterceptor : Authorized method invocation ReflectiveMethodInvocation: public org.springframework.http.ResponseEntity com.project1.sms.controller.DepartmentController.createDepartment(java.lang.String); target is of class [com.project1.sms.controller.DepartmentController]
2026-06-10T11:36:47.017+03:00 DEBUG 6723 --- [http-nio-8085-exec-10] o.s.security.web.FilterChainProxy        : Securing POST /api/departments?depName=Finace%20and%20Accounting
2026-06-10T11:36:47.024+03:00 DEBUG 6723 --- [http-nio-8085-exec-10] o.s.s.o.s.r.a.JwtAuthenticationProvider  : Authenticated token
2026-06-10T11:36:47.032+03:00 DEBUG 6723 --- [http-nio-8085-exec-10] .s.r.w.a.BearerTokenAuthenticationFilter : Set SecurityContextHolder to JwtAuthenticationToken [Principal=org.springframework.security.oauth2.jwt.Jwt@f48d3452, Credentials=[PROTECTED], Authenticated=true, Details=WebAuthenticationDetails [RemoteIpAddress=0:0:0:0:0:0:0:1, SessionId=null], Granted Authorities=[FactorGrantedAuthority [authority=FACTOR_BEARER, issuedAt=2026-06-10T08:36:47.024028808Z], ROLE_ADMIN]]
2026-06-10T11:36:47.032+03:00 DEBUG 6723 --- [http-nio-8085-exec-10] o.s.security.web.FilterChainProxy        : Secured POST /api/departments?depName=Finace%20and%20Accounting
2026-06-10T11:36:47.040+03:00 DEBUG 6723 --- [http-nio-8085-exec-10] horizationManagerBeforeMethodInterceptor : Authorizing method invocation ReflectiveMethodInvocation: public org.springframework.http.ResponseEntity com.project1.sms.controller.DepartmentController.createDepartment(java.lang.String); target is of class [com.project1.sms.controller.DepartmentController]
2026-06-10T11:36:47.041+03:00 DEBUG 6723 --- [http-nio-8085-exec-10] horizationManagerBeforeMethodInterceptor : Authorized method invocation ReflectiveMethodInvocation: public org.springframework.http.ResponseEntity com.project1.sms.controller.DepartmentController.createDepartment(java.lang.String); target is of class [com.project1.sms.controller.DepartmentController]
2026-06-10T11:45:37.401+03:00 DEBUG 6723 --- [http-nio-8085-exec-2] o.s.security.web.FilterChainProxy        : Securing GET /api/departments
2026-06-10T11:45:37.405+03:00 DEBUG 6723 --- [http-nio-8085-exec-2] o.s.s.o.s.r.a.JwtAuthenticationProvider  : Authenticated token
2026-06-10T11:45:37.406+03:00 DEBUG 6723 --- [http-nio-8085-exec-2] .s.r.w.a.BearerTokenAuthenticationFilter : Set SecurityContextHolder to JwtAuthenticationToken [Principal=org.springframework.security.oauth2.jwt.Jwt@f48d3452, Credentials=[PROTECTED], Authenticated=true, Details=WebAuthenticationDetails [RemoteIpAddress=0:0:0:0:0:0:0:1, SessionId=null], Granted Authorities=[ROLE_ADMIN, FactorGrantedAuthority [authority=FACTOR_BEARER, issuedAt=2026-06-10T08:45:37.405779192Z]]]
2026-06-10T11:45:37.406+03:00 DEBUG 6723 --- [http-nio-8085-exec-2] o.s.security.web.FilterChainProxy        : Secured GET /api/departments
2026-06-10T11:45:37.408+03:00 DEBUG 6723 --- [http-nio-8085-exec-2] horizationManagerBeforeMethodInterceptor : Authorizing method invocation ReflectiveMethodInvocation: public org.springframework.http.ResponseEntity com.project1.sms.controller.DepartmentController.getDepartments(); target is of class [com.project1.sms.controller.DepartmentController]
2026-06-10T11:45:37.415+03:00 DEBUG 6723 --- [http-nio-8085-exec-2] horizationManagerBeforeMethodInterceptor : Authorized method invocation ReflectiveMethodInvocation: public org.springframework.http.ResponseEntity com.project1.sms.controller.DepartmentController.getDepartments(); target is of class [com.project1.sms.controller.DepartmentController]
2026-06-10T11:47:22.511+03:00 DEBUG 6723 --- [http-nio-8085-exec-4] o.s.security.web.FilterChainProxy        : Securing POST /api/users
2026-06-10T11:47:22.528+03:00 DEBUG 6723 --- [http-nio-8085-exec-4] o.s.s.o.s.r.a.JwtAuthenticationProvider  : Authenticated token
2026-06-10T11:47:22.528+03:00 DEBUG 6723 --- [http-nio-8085-exec-4] .s.r.w.a.BearerTokenAuthenticationFilter : Set SecurityContextHolder to JwtAuthenticationToken [Principal=org.springframework.security.oauth2.jwt.Jwt@f48d3452, Credentials=[PROTECTED], Authenticated=true, Details=WebAuthenticationDetails [RemoteIpAddress=0:0:0:0:0:0:0:1, SessionId=null], Granted Authorities=[FactorGrantedAuthority [authority=FACTOR_BEARER, issuedAt=2026-06-10T08:47:22.528103194Z], ROLE_ADMIN]]
2026-06-10T11:47:22.528+03:00 DEBUG 6723 --- [http-nio-8085-exec-4] o.s.security.web.FilterChainProxy        : Secured POST /api/users
2026-06-10T11:47:22.613+03:00 DEBUG 6723 --- [http-nio-8085-exec-4] horizationManagerBeforeMethodInterceptor : Authorizing method invocation ReflectiveMethodInvocation: public org.springframework.http.ResponseEntity com.project1.sms.controller.UserController.createUser(com.project1.sms.requestDTO.RegisterRequest); target is of class [com.project1.sms.controller.UserController]
2026-06-10T11:47:22.614+03:00 DEBUG 6723 --- [http-nio-8085-exec-4] horizationManagerBeforeMethodInterceptor : Authorized method invocation ReflectiveMethodInvocation: public org.springframework.http.ResponseEntity com.project1.sms.controller.UserController.createUser(com.project1.sms.requestDTO.RegisterRequest); target is of class [com.project1.sms.controller.UserController]
2026-06-10T11:47:39.056+03:00 DEBUG 6723 --- [http-nio-8085-exec-5] o.s.security.web.FilterChainProxy        : Securing GET /api/users
2026-06-10T11:47:39.061+03:00 DEBUG 6723 --- [http-nio-8085-exec-5] o.s.s.o.s.r.a.JwtAuthenticationProvider  : Authenticated token
2026-06-10T11:47:39.061+03:00 DEBUG 6723 --- [http-nio-8085-exec-5] .s.r.w.a.BearerTokenAuthenticationFilter : Set SecurityContextHolder to JwtAuthenticationToken [Principal=org.springframework.security.oauth2.jwt.Jwt@f48d3452, Credentials=[PROTECTED], Authenticated=true, Details=WebAuthenticationDetails [RemoteIpAddress=0:0:0:0:0:0:0:1, SessionId=null], Granted Authorities=[FactorGrantedAuthority [authority=FACTOR_BEARER, issuedAt=2026-06-10T08:47:39.061515275Z], ROLE_ADMIN]]
2026-06-10T11:47:39.062+03:00 DEBUG 6723 --- [http-nio-8085-exec-5] o.s.security.web.FilterChainProxy        : Secured GET /api/users
2026-06-10T11:47:39.072+03:00 DEBUG 6723 --- [http-nio-8085-exec-5] horizationManagerBeforeMethodInterceptor : Authorizing method invocation ReflectiveMethodInvocation: public org.springframework.http.ResponseEntity com.project1.sms.controller.UserController.getAllUsers(int,int); target is of class [com.project1.sms.controller.UserController]
2026-06-10T11:47:39.076+03:00 DEBUG 6723 --- [http-nio-8085-exec-5] horizationManagerBeforeMethodInterceptor : Authorized method invocation ReflectiveMethodInvocation: public org.springframework.http.ResponseEntity com.project1.sms.controller.UserController.getAllUsers(int,int); target is of class [com.project1.sms.controller.UserController]
2026-06-10T11:49:07.072+03:00 DEBUG 6723 --- [http-nio-8085-exec-8] o.s.security.web.FilterChainProxy        : Securing POST /api/auth/login
2026-06-10T11:49:07.074+03:00 DEBUG 6723 --- [http-nio-8085-exec-8] o.s.s.w.a.AnonymousAuthenticationFilter  : Set SecurityContextHolder to anonymous SecurityContext
2026-06-10T11:49:07.074+03:00 DEBUG 6723 --- [http-nio-8085-exec-8] o.s.security.web.FilterChainProxy        : Secured POST /api/auth/login
2026-06-10T11:49:07.082+03:00 DEBUG 6723 --- [http-nio-8085-exec-8] horizationManagerBeforeMethodInterceptor : Authorizing method invocation ReflectiveMethodInvocation: public org.springframework.http.ResponseEntity com.project1.sms.controller.AuthController.login(com.project1.sms.requestDTO.LoginRequest); target is of class [com.project1.sms.controller.AuthController]
2026-06-10T11:49:07.083+03:00 DEBUG 6723 --- [http-nio-8085-exec-8] horizationManagerBeforeMethodInterceptor : Authorized method invocation ReflectiveMethodInvocation: public org.springframework.http.ResponseEntity com.project1.sms.controller.AuthController.login(com.project1.sms.requestDTO.LoginRequest); target is of class [com.project1.sms.controller.AuthController]
2026-06-10T11:49:07.280+03:00 DEBUG 6723 --- [http-nio-8085-exec-8] o.s.s.a.dao.DaoAuthenticationProvider    : Authenticated user
2026-06-10T11:56:36.456+03:00 DEBUG 6723 --- [http-nio-8085-exec-10] o.s.security.web.FilterChainProxy        : Securing POST /api/auth/change-password
2026-06-10T11:56:36.595+03:00 DEBUG 6723 --- [http-nio-8085-exec-10] o.s.s.w.a.AnonymousAuthenticationFilter  : Set SecurityContextHolder to anonymous SecurityContext
2026-06-10T11:56:36.610+03:00 DEBUG 6723 --- [http-nio-8085-exec-10] o.s.security.web.FilterChainProxy        : Secured POST /api/auth/change-password
2026-06-10T11:56:37.518+03:00 DEBUG 6723 --- [http-nio-8085-exec-10] horizationManagerBeforeMethodInterceptor : Authorizing method invocation ReflectiveMethodInvocation: public org.springframework.http.ResponseEntity com.project1.sms.controller.AuthController.change(com.project1.sms.requestDTO.ChangePasswordRequest); target is of class [com.project1.sms.controller.AuthController]
2026-06-10T11:56:37.684+03:00 DEBUG 6723 --- [http-nio-8085-exec-10] horizationManagerBeforeMethodInterceptor : Authorized method invocation ReflectiveMethodInvocation: public org.springframework.http.ResponseEntity com.project1.sms.controller.AuthController.change(com.project1.sms.requestDTO.ChangePasswordRequest); target is of class [com.project1.sms.controller.AuthController]
2026-06-10T11:56:46.949+03:00 DEBUG 6723 --- [http-nio-8085-exec-10] o.s.s.a.dao.DaoAuthenticationProvider    : Authenticated user
2026-06-10T12:01:14.647+03:00 DEBUG 6723 --- [http-nio-8085-exec-2] o.s.security.web.FilterChainProxy        : Securing GET /api/teachers/unregistered
2026-06-10T12:01:14.953+03:00 DEBUG 6723 --- [http-nio-8085-exec-2] o.s.s.o.s.r.a.JwtAuthenticationProvider  : Authenticated token
2026-06-10T12:01:14.953+03:00 DEBUG 6723 --- [http-nio-8085-exec-2] .s.r.w.a.BearerTokenAuthenticationFilter : Set SecurityContextHolder to JwtAuthenticationToken [Principal=org.springframework.security.oauth2.jwt.Jwt@665d1ec0, Credentials=[PROTECTED], Authenticated=true, Details=WebAuthenticationDetails [RemoteIpAddress=0:0:0:0:0:0:0:1, SessionId=null], Granted Authorities=[ROLE_VICE_DEAN, FactorGrantedAuthority [authority=FACTOR_BEARER, issuedAt=2026-06-10T09:01:14.953017711Z]]]
2026-06-10T12:01:14.954+03:00 DEBUG 6723 --- [http-nio-8085-exec-2] o.s.security.web.FilterChainProxy        : Secured GET /api/teachers/unregistered
2026-06-10T12:01:15.002+03:00 DEBUG 6723 --- [http-nio-8085-exec-2] horizationManagerBeforeMethodInterceptor : Authorizing method invocation ReflectiveMethodInvocation: public org.springframework.http.ResponseEntity com.project1.sms.controller.TeacherController.getUnregisteredTeachers(); target is of class [com.project1.sms.controller.TeacherController]
2026-06-10T12:01:15.007+03:00 DEBUG 6723 --- [http-nio-8085-exec-2] horizationManagerBeforeMethodInterceptor : Authorized method invocation ReflectiveMethodInvocation: public org.springframework.http.ResponseEntity com.project1.sms.controller.TeacherController.getUnregisteredTeachers(); target is of class [com.project1.sms.controller.TeacherController]
2026-06-10T12:06:27.919+03:00 DEBUG 6723 --- [http-nio-8085-exec-4] o.s.security.web.FilterChainProxy        : Securing POST /api/teachers/users/94/departments/103
2026-06-10T12:06:27.951+03:00 DEBUG 6723 --- [http-nio-8085-exec-4] o.s.s.o.s.r.a.JwtAuthenticationProvider  : Authenticated token
2026-06-10T12:06:27.962+03:00 DEBUG 6723 --- [http-nio-8085-exec-4] .s.r.w.a.BearerTokenAuthenticationFilter : Set SecurityContextHolder to JwtAuthenticationToken [Principal=org.springframework.security.oauth2.jwt.Jwt@665d1ec0, Credentials=[PROTECTED], Authenticated=true, Details=WebAuthenticationDetails [RemoteIpAddress=0:0:0:0:0:0:0:1, SessionId=null], Granted Authorities=[ROLE_VICE_DEAN, FactorGrantedAuthority [authority=FACTOR_BEARER, issuedAt=2026-06-10T09:06:27.951688421Z]]]
2026-06-10T12:06:27.963+03:00 DEBUG 6723 --- [http-nio-8085-exec-4] o.s.security.web.FilterChainProxy        : Secured POST /api/teachers/users/94/departments/103
2026-06-10T12:06:27.974+03:00 DEBUG 6723 --- [http-nio-8085-exec-4] horizationManagerBeforeMethodInterceptor : Authorizing method invocation ReflectiveMethodInvocation: public org.springframework.http.ResponseEntity com.project1.sms.controller.TeacherController.registerTeacher(java.lang.Long,java.lang.Long); target is of class [com.project1.sms.controller.TeacherController]
2026-06-10T12:06:27.975+03:00 DEBUG 6723 --- [http-nio-8085-exec-4] horizationManagerBeforeMethodInterceptor : Authorized method invocation ReflectiveMethodInvocation: public org.springframework.http.ResponseEntity com.project1.sms.controller.TeacherController.registerTeacher(java.lang.Long,java.lang.Long); target is of class [com.project1.sms.controller.TeacherController]
2026-06-10T12:09:49.173+03:00 DEBUG 6723 --- [http-nio-8085-exec-6] o.s.security.web.FilterChainProxy        : Securing POST /api/teachers/with-departments
2026-06-10T12:09:49.556+03:00 DEBUG 6723 --- [http-nio-8085-exec-6] o.s.s.o.s.r.a.JwtAuthenticationProvider  : Authenticated token
2026-06-10T12:09:49.557+03:00 DEBUG 6723 --- [http-nio-8085-exec-6] .s.r.w.a.BearerTokenAuthenticationFilter : Set SecurityContextHolder to JwtAuthenticationToken [Principal=org.springframework.security.oauth2.jwt.Jwt@665d1ec0, Credentials=[PROTECTED], Authenticated=true, Details=WebAuthenticationDetails [RemoteIpAddress=0:0:0:0:0:0:0:1, SessionId=null], Granted Authorities=[ROLE_VICE_DEAN, FactorGrantedAuthority [authority=FACTOR_BEARER, issuedAt=2026-06-10T09:09:49.556706491Z]]]
2026-06-10T12:09:49.557+03:00 DEBUG 6723 --- [http-nio-8085-exec-6] o.s.security.web.FilterChainProxy        : Secured POST /api/teachers/with-departments
2026-06-10T12:09:49.560+03:00  WARN 6723 --- [http-nio-8085-exec-6] .m.m.a.ExceptionHandlerExceptionResolver : Resolved [org.springframework.web.HttpRequestMethodNotSupportedException: Request method 'POST' is not supported]
2026-06-10T12:09:55.838+03:00 DEBUG 6723 --- [http-nio-8085-exec-7] o.s.security.web.FilterChainProxy        : Securing GET /api/teachers/with-departments
2026-06-10T12:09:55.847+03:00 DEBUG 6723 --- [http-nio-8085-exec-7] o.s.s.o.s.r.a.JwtAuthenticationProvider  : Authenticated token
2026-06-10T12:09:55.850+03:00 DEBUG 6723 --- [http-nio-8085-exec-7] .s.r.w.a.BearerTokenAuthenticationFilter : Set SecurityContextHolder to JwtAuthenticationToken [Principal=org.springframework.security.oauth2.jwt.Jwt@665d1ec0, Credentials=[PROTECTED], Authenticated=true, Details=WebAuthenticationDetails [RemoteIpAddress=0:0:0:0:0:0:0:1, SessionId=null], Granted Authorities=[FactorGrantedAuthority [authority=FACTOR_BEARER, issuedAt=2026-06-10T09:09:55.847535265Z], ROLE_VICE_DEAN]]
2026-06-10T12:09:55.853+03:00 DEBUG 6723 --- [http-nio-8085-exec-7] o.s.security.web.FilterChainProxy        : Secured GET /api/teachers/with-departments
2026-06-10T12:09:55.854+03:00 DEBUG 6723 --- [http-nio-8085-exec-7] horizationManagerBeforeMethodInterceptor : Authorizing method invocation ReflectiveMethodInvocation: public org.springframework.http.ResponseEntity com.project1.sms.controller.TeacherController.getAllTeacherWithDepartment(); target is of class [com.project1.sms.controller.TeacherController]
2026-06-10T12:09:55.860+03:00 DEBUG 6723 --- [http-nio-8085-exec-7] horizationManagerBeforeMethodInterceptor : Authorized method invocation ReflectiveMethodInvocation: public org.springframework.http.ResponseEntity com.project1.sms.controller.TeacherController.getAllTeacherWithDepartment(); target is of class [com.project1.sms.controller.TeacherController]
2026-06-10T16:15:28.145+03:00  INFO 6723 --- [SpringApplicationShutdownHook] o.s.boot.tomcat.GracefulShutdown         : Commencing graceful shutdown. Waiting for active requests to complete
2026-06-10T16:15:28.904+03:00  INFO 6723 --- [tomcat-shutdown] o.s.boot.tomcat.GracefulShutdown         : Graceful shutdown complete
2026-06-10T16:15:29.054+03:00  INFO 6723 --- [SpringApplicationShutdownHook] j.LocalContainerEntityManagerFactoryBean : Closing JPA EntityManagerFactory for persistence unit 'default'
2026-06-10T16:15:29.168+03:00  INFO 6723 --- [SpringApplicationShutdownHook] com.zaxxer.hikari.HikariDataSource       : HikariPool-1 - Shutdown initiated...
2026-06-10T16:15:29.194+03:00  INFO 6723 --- [SpringApplicationShutdownHook] com.zaxxer.hikari.HikariDataSource       : HikariPool-1 - Shutdown completed.
2026-06-10T18:41:35.162+03:00  INFO 27514 --- [restartedMain] com.project1.sms.SmsApplication          : Starting SmsApplication using Java 26.0.1 with PID 27514 (/home/zioncd/IdeaProjects/sms/target/classes started by zioncd in /home/zioncd/IdeaProjects/sms)
2026-06-10T18:41:35.213+03:00  INFO 27514 --- [restartedMain] com.project1.sms.SmsApplication          : The following 1 profile is active: "dev"
2026-06-10T18:41:35.507+03:00  INFO 27514 --- [restartedMain] .e.DevToolsPropertyDefaultsPostProcessor : Devtools property defaults active! Set 'spring.devtools.add-properties' to 'false' to disable
2026-06-10T18:41:35.507+03:00  INFO 27514 --- [restartedMain] .e.DevToolsPropertyDefaultsPostProcessor : For additional web related logging consider setting the 'logging.level.web' property to 'DEBUG'
2026-06-10T18:41:35.573+03:00  INFO 27514 --- [restartedMain] .s.b.d.c.l.DockerComposeLifecycleManager : Using Docker Compose file /home/zioncd/IdeaProjects/sms/compose.yaml
2026-06-10T18:41:45.689+03:00  INFO 27514 --- [restartedMain] .s.b.d.c.l.DockerComposeLifecycleManager : There are already Docker Compose services running, skipping startup
2026-06-10T18:41:51.386+03:00  INFO 27514 --- [restartedMain] .s.d.r.c.RepositoryConfigurationDelegate : Bootstrapping Spring Data JPA repositories in DEFAULT mode.
2026-06-10T18:41:51.559+03:00  INFO 27514 --- [restartedMain] .s.d.r.c.RepositoryConfigurationDelegate : Finished Spring Data repository scanning in 150 ms. Found 23 JPA repository interfaces.
2026-06-10T18:41:53.553+03:00  INFO 27514 --- [restartedMain] o.s.boot.tomcat.TomcatWebServer          : Tomcat initialized with port 8085 (http)
2026-06-10T18:41:53.604+03:00  INFO 27514 --- [restartedMain] o.apache.catalina.core.StandardService   : Starting service [Tomcat]
2026-06-10T18:41:53.605+03:00  INFO 27514 --- [restartedMain] o.apache.catalina.core.StandardEngine    : Starting Servlet engine: [Apache Tomcat/11.0.20]
2026-06-10T18:41:53.653+03:00  INFO 27514 --- [restartedMain] b.w.c.s.WebApplicationContextInitializer : Root WebApplicationContext: initialization completed in 7956 ms
2026-06-10T18:41:54.233+03:00  INFO 27514 --- [restartedMain] org.hibernate.orm.jpa                    : HHH008540: Processing PersistenceUnitInfo [name: default]
2026-06-10T18:41:54.364+03:00  INFO 27514 --- [restartedMain] org.hibernate.orm.core                   : HHH000001: Hibernate ORM core version 7.2.7.Final
2026-06-10T18:41:55.128+03:00  INFO 27514 --- [restartedMain] o.s.o.j.p.SpringPersistenceUnitInfo      : No LoadTimeWeaver setup: ignoring JPA class transformer
2026-06-10T18:41:55.181+03:00  INFO 27514 --- [restartedMain] com.zaxxer.hikari.HikariDataSource       : HikariPool-1 - Starting...
2026-06-10T18:41:56.911+03:00  INFO 27514 --- [restartedMain] com.zaxxer.hikari.pool.HikariPool        : HikariPool-1 - Added connection org.postgresql.jdbc.PgConnection@73ef2a49
2026-06-10T18:41:56.920+03:00  INFO 27514 --- [restartedMain] com.zaxxer.hikari.HikariDataSource       : HikariPool-1 - Start completed.
2026-06-10T18:41:57.106+03:00  WARN 27514 --- [restartedMain] org.hibernate.orm.deprecation            : HHH90000025: PostgreSQLDialect does not need to be specified explicitly using 'hibernate.dialect' (remove the property setting and it will be selected by default)
2026-06-10T18:41:57.231+03:00  INFO 27514 --- [restartedMain] org.hibernate.orm.connections.pooling    : HHH10001005: Database info:
	Database JDBC URL [jdbc:postgresql://127.0.0.1:5433/sms]
	Database driver: PostgreSQL JDBC Driver
	Database dialect: PostgreSQLDialect
	Database version: 16.1
	Default catalog/schema: sms/public
	Autocommit mode: undefined/unknown
	Isolation level: READ_COMMITTED [default READ_COMMITTED]
	JDBC fetch size: none
	Pool: DataSourceConnectionProvider
	Minimum pool size: undefined/unknown
	Maximum pool size: undefined/unknown
2026-06-10T18:42:02.009+03:00  INFO 27514 --- [restartedMain] org.hibernate.orm.core                   : HHH000489: No JTA platform available (set 'hibernate.transaction.jta.platform' to enable JTA platform integration)
2026-06-10T18:42:02.233+03:00  INFO 27514 --- [restartedMain] j.LocalContainerEntityManagerFactoryBean : Initialized JPA EntityManagerFactory for persistence unit 'default'
2026-06-10T18:42:02.808+03:00  INFO 27514 --- [restartedMain] o.s.d.j.r.query.QueryEnhancerFactories   : Hibernate is in classpath; If applicable, HQL parser will be used.
2026-06-10T18:42:04.348+03:00  INFO 27514 --- [restartedMain] eAuthenticationProviderManagerConfigurer : Global AuthenticationManager configured with AuthenticationProvider bean with name authenticationProvider
2026-06-10T18:42:04.350+03:00  WARN 27514 --- [restartedMain] r$InitializeUserDetailsManagerConfigurer : Global AuthenticationManager configured with an AuthenticationProvider bean. UserDetailsService beans will not be used by Spring Security for automatically configuring username/password login. Consider removing the AuthenticationProvider bean. Alternatively, consider using the UserDetailsService in a manually instantiated DaoAuthenticationProvider. If the current configuration is intentional, to turn off this warning, increase the logging level of 'org.springframework.security.config.annotation.authentication.configuration.InitializeUserDetailsBeanManagerConfigurer' to ERROR
2026-06-10T18:42:09.953+03:00  WARN 27514 --- [restartedMain] s.w.s.m.m.a.RequestMappingHandlerMapping : Multiple @RequestMapping annotations found on public org.springframework.http.ResponseEntity com.project1.sms.controller.ProgramController.getAllProgram(), but only the first will be used: [@org.springframework.web.bind.annotation.GetMapping(consumes={}, headers={}, name="", params={}, path={}, produces={}, value={}, version=""), @org.springframework.web.bind.annotation.PostMapping(consumes={}, headers={}, name="", params={}, path={}, produces={}, value={}, version="")]
2026-06-10T18:42:10.131+03:00 DEBUG 27514 --- [restartedMain] o.s.s.web.DefaultSecurityFilterChain     : Will secure any request with filters: DisableEncodeUrlFilter, WebAsyncManagerIntegrationFilter, SecurityContextHolderFilter, HeaderWriterFilter, CorsFilter, LogoutFilter, OAuth2ProtectedResourceMetadataFilter, BearerTokenAuthenticationFilter, AuthenticationFilter, RequestCacheAwareFilter, SecurityContextHolderAwareRequestFilter, AnonymousAuthenticationFilter, SessionManagementFilter, ExceptionTranslationFilter, AuthorizationFilter
2026-06-10T18:42:11.167+03:00  INFO 27514 --- [restartedMain] o.s.boot.tomcat.TomcatWebServer          : Tomcat started on port 8085 (http) with context path '/'
2026-06-10T18:42:11.178+03:00  INFO 27514 --- [restartedMain] com.project1.sms.SmsApplication          : Started SmsApplication in 37.862 seconds (process running for 65.575)
2026-06-10T18:42:12.203+03:00  WARN 27514 --- [restartedMain] org.hibernate.orm.jdbc.error             : HHH000247: ErrorCode: 0, SQLState: 23505
2026-06-10T18:42:12.203+03:00  WARN 27514 --- [restartedMain] org.hibernate.orm.jdbc.error             : ERROR: duplicate key value violates unique constraint "UKoshmjvr6wht0bg9oivn75aajr"
  Detail: Key (email)=(system@zion.com) already exists.
2026-06-10T18:42:12.267+03:00  INFO 27514 --- [restartedMain] .s.b.a.l.ConditionEvaluationReportLogger : 

Error starting ApplicationContext. To display the condition evaluation report re-run your application with 'debug' enabled.
2026-06-10T18:42:12.316+03:00 ERROR 27514 --- [restartedMain] o.s.boot.SpringApplication               : Application run failed

org.springframework.dao.DataIntegrityViolationException: could not execute statement [ERROR: duplicate key value violates unique constraint "UKoshmjvr6wht0bg9oivn75aajr"
  Detail: Key (email)=(system@zion.com) already exists.] [insert into "user" ("created_at","createdBy","email","firstLogin","firstName","imageUrl","isActive","lastName","midlName","password","phone","update_at","updatedBy","userId","userName","id") values (?,?,?,?,?,?,?,?,?,?,?,?,?,?,?,?)]; SQL [insert into "user" ("created_at","createdBy","email","firstLogin","firstName","imageUrl","isActive","lastName","midlName","password","phone","update_at","updatedBy","userId","userName","id") values (?,?,?,?,?,?,?,?,?,?,?,?,?,?,?,?)]; constraint [UKoshmjvr6wht0bg9oivn75aajr]
	at org.springframework.orm.jpa.hibernate.HibernateExceptionTranslator.convertHibernateAccessException(HibernateExceptionTranslator.java:169) ~[spring-orm-7.0.6.jar:7.0.6]
	at org.springframework.orm.jpa.hibernate.HibernateExceptionTranslator.convertHibernateAccessException(HibernateExceptionTranslator.java:131) ~[spring-orm-7.0.6.jar:7.0.6]
	at org.springframework.orm.jpa.hibernate.HibernateExceptionTranslator.translateExceptionIfPossible(HibernateExceptionTranslator.java:105) ~[spring-orm-7.0.6.jar:7.0.6]
	at org.springframework.orm.jpa.vendor.HibernateJpaDialect.translateExceptionIfPossible(HibernateJpaDialect.java:223) ~[spring-orm-7.0.6.jar:7.0.6]
	at org.springframework.orm.jpa.JpaTransactionManager.doCommit(JpaTransactionManager.java:557) ~[spring-orm-7.0.6.jar:7.0.6]
	at org.springframework.transaction.support.AbstractPlatformTransactionManager.processCommit(AbstractPlatformTransactionManager.java:794) ~[spring-tx-7.0.6.jar:7.0.6]
	at org.springframework.transaction.support.AbstractPlatformTransactionManager.commit(AbstractPlatformTransactionManager.java:757) ~[spring-tx-7.0.6.jar:7.0.6]
	at org.springframework.transaction.interceptor.TransactionAspectSupport.commitTransactionAfterReturning(TransactionAspectSupport.java:687) ~[spring-tx-7.0.6.jar:7.0.6]
	at org.springframework.transaction.interceptor.TransactionAspectSupport.invokeWithinTransaction(TransactionAspectSupport.java:408) ~[spring-tx-7.0.6.jar:7.0.6]
	at org.springframework.transaction.interceptor.TransactionInterceptor.invoke(TransactionInterceptor.java:130) ~[spring-tx-7.0.6.jar:7.0.6]
	at org.springframework.aop.framework.ReflectiveMethodInvocation.proceed(ReflectiveMethodInvocation.java:179) ~[spring-aop-7.0.6.jar:7.0.6]
	at org.springframework.dao.support.PersistenceExceptionTranslationInterceptor.invoke(PersistenceExceptionTranslationInterceptor.java:135) ~[spring-tx-7.0.6.jar:7.0.6]
	at org.springframework.aop.framework.ReflectiveMethodInvocation.proceed(ReflectiveMethodInvocation.java:179) ~[spring-aop-7.0.6.jar:7.0.6]
	at org.springframework.data.jpa.repository.support.CrudMethodMetadataPostProcessor$CrudMethodMetadataPopulatingMethodInterceptor.invoke(CrudMethodMetadataPostProcessor.java:166) ~[spring-data-jpa-4.0.4.jar:4.0.4]
	at org.springframework.aop.framework.ReflectiveMethodInvocation.proceed(ReflectiveMethodInvocation.java:179) ~[spring-aop-7.0.6.jar:7.0.6]
	at org.springframework.aop.framework.JdkDynamicAopProxy.invoke(JdkDynamicAopProxy.java:222) ~[spring-aop-7.0.6.jar:7.0.6]
	at jdk.proxy4/jdk.proxy4.$Proxy173.save(Unknown Source) ~[na:na]
	at com.project1.sms.seeder.SystemSeeder.run(SystemSeeder.java:40) ~[classes/:na]
	at org.springframework.boot.SpringApplication.lambda$callRunner$1(SpringApplication.java:792) ~[spring-boot-4.0.5.jar:4.0.5]
	at org.springframework.util.function.ThrowingConsumer$1.acceptWithException(ThrowingConsumer.java:82) ~[spring-core-7.0.6.jar:7.0.6]
	at org.springframework.util.function.ThrowingConsumer.accept(ThrowingConsumer.java:60) ~[spring-core-7.0.6.jar:7.0.6]
	at org.springframework.util.function.ThrowingConsumer$1.accept(ThrowingConsumer.java:86) ~[spring-core-7.0.6.jar:7.0.6]
	at org.springframework.boot.SpringApplication.callRunner(SpringApplication.java:800) ~[spring-boot-4.0.5.jar:4.0.5]
	at org.springframework.boot.SpringApplication.callRunner(SpringApplication.java:791) ~[spring-boot-4.0.5.jar:4.0.5]
	at org.springframework.boot.SpringApplication.lambda$callRunners$0(SpringApplication.java:776) ~[spring-boot-4.0.5.jar:4.0.5]
	at java.base/java.util.stream.ForEachOps$ForEachOp$OfRef.accept(ForEachOps.java:186) ~[na:na]
	at java.base/java.util.stream.SortedOps$SizedRefSortingSink.end(SortedOps.java:357) ~[na:na]
	at java.base/java.util.stream.AbstractPipeline.copyInto(AbstractPipeline.java:571) ~[na:na]
	at java.base/java.util.stream.AbstractPipeline.wrapAndCopyInto(AbstractPipeline.java:560) ~[na:na]
	at java.base/java.util.stream.ForEachOps$ForEachOp.evaluateSequential(ForEachOps.java:153) ~[na:na]
	at java.base/java.util.stream.ForEachOps$ForEachOp$OfRef.evaluateSequential(ForEachOps.java:176) ~[na:na]
	at java.base/java.util.stream.AbstractPipeline.evaluate(AbstractPipeline.java:265) ~[na:na]
	at java.base/java.util.stream.ReferencePipeline.forEach(ReferencePipeline.java:632) ~[na:na]
	at org.springframework.boot.SpringApplication.callRunners(SpringApplication.java:776) ~[spring-boot-4.0.5.jar:4.0.5]
	at org.springframework.boot.SpringApplication.run(SpringApplication.java:328) ~[spring-boot-4.0.5.jar:4.0.5]
	at org.springframework.boot.SpringApplication.run(SpringApplication.java:1365) ~[spring-boot-4.0.5.jar:4.0.5]
	at org.springframework.boot.SpringApplication.run(SpringApplication.java:1354) ~[spring-boot-4.0.5.jar:4.0.5]
	at com.project1.sms.SmsApplication.main(SmsApplication.java:16) ~[classes/:na]
	at java.base/jdk.internal.reflect.DirectMethodHandleAccessor.invoke(DirectMethodHandleAccessor.java:104) ~[na:na]
	at java.base/java.lang.reflect.Method.invoke(Method.java:565) ~[na:na]
	at org.springframework.boot.devtools.restart.RestartLauncher.run(RestartLauncher.java:52) ~[spring-boot-devtools-4.0.5.jar:4.0.5]
Caused by: org.hibernate.exception.ConstraintViolationException: could not execute statement [ERROR: duplicate key value violates unique constraint "UKoshmjvr6wht0bg9oivn75aajr"
  Detail: Key (email)=(system@zion.com) already exists.] [insert into "user" ("created_at","createdBy","email","firstLogin","firstName","imageUrl","isActive","lastName","midlName","password","phone","update_at","updatedBy","userId","userName","id") values (?,?,?,?,?,?,?,?,?,?,?,?,?,?,?,?)]
	at org.hibernate.exception.internal.SQLStateConversionDelegate.convert(SQLStateConversionDelegate.java:73) ~[hibernate-core-7.2.7.Final.jar:7.2.7.Final]
	at org.hibernate.exception.internal.StandardSQLExceptionConverter.convert(StandardSQLExceptionConverter.java:34) ~[hibernate-core-7.2.7.Final.jar:7.2.7.Final]
	at org.hibernate.engine.jdbc.spi.SqlExceptionHelper.convert(SqlExceptionHelper.java:115) ~[hibernate-core-7.2.7.Final.jar:7.2.7.Final]
	at org.hibernate.engine.jdbc.internal.ResultSetReturnImpl.executeUpdate(ResultSetReturnImpl.java:184) ~[hibernate-core-7.2.7.Final.jar:7.2.7.Final]
	at org.hibernate.engine.jdbc.mutation.internal.AbstractMutationExecutor.performNonBatchedMutation(AbstractMutationExecutor.java:145) ~[hibernate-core-7.2.7.Final.jar:7.2.7.Final]
	at org.hibernate.engine.jdbc.mutation.internal.MutationExecutorSingleNonBatched.performNonBatchedOperations(MutationExecutorSingleNonBatched.java:53) ~[hibernate-core-7.2.7.Final.jar:7.2.7.Final]
	at org.hibernate.engine.jdbc.mutation.internal.AbstractMutationExecutor.execute(AbstractMutationExecutor.java:66) ~[hibernate-core-7.2.7.Final.jar:7.2.7.Final]
	at org.hibernate.engine.jdbc.mutation.internal.AbstractMutationExecutor.execute(AbstractMutationExecutor.java:55) ~[hibernate-core-7.2.7.Final.jar:7.2.7.Final]
	at org.hibernate.persister.entity.mutation.InsertCoordinatorStandard.doStaticInserts(InsertCoordinatorStandard.java:180) ~[hibernate-core-7.2.7.Final.jar:7.2.7.Final]
	at org.hibernate.persister.entity.mutation.InsertCoordinatorStandard.coordinateInsert(InsertCoordinatorStandard.java:120) ~[hibernate-core-7.2.7.Final.jar:7.2.7.Final]
	at org.hibernate.persister.entity.mutation.InsertCoordinatorStandard.insert(InsertCoordinatorStandard.java:93) ~[hibernate-core-7.2.7.Final.jar:7.2.7.Final]
	at org.hibernate.action.internal.EntityInsertAction.execute(EntityInsertAction.java:108) ~[hibernate-core-7.2.7.Final.jar:7.2.7.Final]
	at org.hibernate.engine.spi.ActionQueue.executeActions(ActionQueue.java:634) ~[hibernate-core-7.2.7.Final.jar:7.2.7.Final]
	at org.hibernate.engine.spi.ActionQueue.executeActions(ActionQueue.java:505) ~[hibernate-core-7.2.7.Final.jar:7.2.7.Final]
	at org.hibernate.event.internal.AbstractFlushingEventListener.performExecutions(AbstractFlushingEventListener.java:381) ~[hibernate-core-7.2.7.Final.jar:7.2.7.Final]
	at org.hibernate.event.internal.DefaultFlushEventListener.onFlush(DefaultFlushEventListener.java:40) ~[hibernate-core-7.2.7.Final.jar:7.2.7.Final]
	at org.hibernate.event.service.internal.EventListenerGroupImpl.fireEventOnEachListener(EventListenerGroupImpl.java:138) ~[hibernate-core-7.2.7.Final.jar:7.2.7.Final]
	at org.hibernate.internal.SessionImpl.fireFlush(SessionImpl.java:1484) ~[hibernate-core-7.2.7.Final.jar:7.2.7.Final]
	at org.hibernate.internal.SessionImpl.managedFlush(SessionImpl.java:481) ~[hibernate-core-7.2.7.Final.jar:7.2.7.Final]
	at org.hibernate.internal.SessionImpl.flushBeforeTransactionCompletion(SessionImpl.java:2111) ~[hibernate-core-7.2.7.Final.jar:7.2.7.Final]
	at org.hibernate.internal.SessionImpl.beforeTransactionCompletion(SessionImpl.java:2033) ~[hibernate-core-7.2.7.Final.jar:7.2.7.Final]
	at org.hibernate.engine.jdbc.internal.JdbcCoordinatorImpl.beforeTransactionCompletion(JdbcCoordinatorImpl.java:410) ~[hibernate-core-7.2.7.Final.jar:7.2.7.Final]
	at org.hibernate.resource.transaction.backend.jdbc.internal.JdbcResourceLocalTransactionCoordinatorImpl.beforeCompletionCallback(JdbcResourceLocalTransactionCoordinatorImpl.java:166) ~[hibernate-core-7.2.7.Final.jar:7.2.7.Final]
	at org.hibernate.resource.transaction.backend.jdbc.internal.JdbcResourceLocalTransactionCoordinatorImpl$TransactionDriverControlImpl.commitNoRollbackOnly(JdbcResourceLocalTransactionCoordinatorImpl.java:248) ~[hibernate-core-7.2.7.Final.jar:7.2.7.Final]
	at org.hibernate.resource.transaction.backend.jdbc.internal.JdbcResourceLocalTransactionCoordinatorImpl$TransactionDriverControlImpl.commit(JdbcResourceLocalTransactionCoordinatorImpl.java:242) ~[hibernate-core-7.2.7.Final.jar:7.2.7.Final]
	at org.hibernate.engine.transaction.internal.TransactionImpl.commit(TransactionImpl.java:89) ~[hibernate-core-7.2.7.Final.jar:7.2.7.Final]
	at org.springframework.orm.jpa.JpaTransactionManager.doCommit(JpaTransactionManager.java:553) ~[spring-orm-7.0.6.jar:7.0.6]
	... 36 common frames omitted
Caused by: org.postgresql.util.PSQLException: ERROR: duplicate key value violates unique constraint "UKoshmjvr6wht0bg9oivn75aajr"
  Detail: Key (email)=(system@zion.com) already exists.
	at org.postgresql.core.v3.QueryExecutorImpl.receiveErrorResponse(QueryExecutorImpl.java:2875) ~[postgresql-42.7.10.jar:42.7.10]
	at org.postgresql.core.v3.QueryExecutorImpl.processResults(QueryExecutorImpl.java:2560) ~[postgresql-42.7.10.jar:42.7.10]
	at org.postgresql.core.v3.QueryExecutorImpl.execute(QueryExecutorImpl.java:429) ~[postgresql-42.7.10.jar:42.7.10]
	at org.postgresql.jdbc.PgStatement.executeInternal(PgStatement.java:526) ~[postgresql-42.7.10.jar:42.7.10]
	at org.postgresql.jdbc.PgStatement.execute(PgStatement.java:436) ~[postgresql-42.7.10.jar:42.7.10]
	at org.postgresql.jdbc.PgPreparedStatement.executeWithFlags(PgPreparedStatement.java:196) ~[postgresql-42.7.10.jar:42.7.10]
	at org.postgresql.jdbc.PgPreparedStatement.executeUpdate(PgPreparedStatement.java:157) ~[postgresql-42.7.10.jar:42.7.10]
	at com.zaxxer.hikari.pool.ProxyPreparedStatement.executeUpdate(ProxyPreparedStatement.java:61) ~[HikariCP-7.0.2.jar:na]
	at com.zaxxer.hikari.pool.HikariProxyPreparedStatement.executeUpdate(HikariProxyPreparedStatement.java) ~[HikariCP-7.0.2.jar:na]
	at org.hibernate.engine.jdbc.internal.ResultSetReturnImpl.executeUpdate(ResultSetReturnImpl.java:181) ~[hibernate-core-7.2.7.Final.jar:7.2.7.Final]
	... 59 common frames omitted

2026-06-10T18:42:12.333+03:00  INFO 27514 --- [restartedMain] o.s.boot.tomcat.GracefulShutdown         : Commencing graceful shutdown. Waiting for active requests to complete
2026-06-10T18:42:12.352+03:00  INFO 27514 --- [tomcat-shutdown] o.s.boot.tomcat.GracefulShutdown         : Graceful shutdown complete
2026-06-10T18:42:12.409+03:00  INFO 27514 --- [restartedMain] j.LocalContainerEntityManagerFactoryBean : Closing JPA EntityManagerFactory for persistence unit 'default'
2026-06-10T18:42:12.427+03:00  INFO 27514 --- [restartedMain] com.zaxxer.hikari.HikariDataSource       : HikariPool-1 - Shutdown initiated...
2026-06-10T18:42:12.431+03:00  INFO 27514 --- [restartedMain] com.zaxxer.hikari.HikariDataSource       : HikariPool-1 - Shutdown completed.
2026-06-10T18:46:44.511+03:00  INFO 28303 --- [restartedMain] com.project1.sms.SmsApplication          : Starting SmsApplication using Java 26.0.1 with PID 28303 (/home/zioncd/IdeaProjects/sms/target/classes started by zioncd in /home/zioncd/IdeaProjects/sms)
2026-06-10T18:46:44.798+03:00  INFO 28303 --- [restartedMain] com.project1.sms.SmsApplication          : The following 1 profile is active: "dev"
2026-06-10T18:46:45.685+03:00  INFO 28303 --- [restartedMain] .e.DevToolsPropertyDefaultsPostProcessor : Devtools property defaults active! Set 'spring.devtools.add-properties' to 'false' to disable
2026-06-10T18:46:45.685+03:00  INFO 28303 --- [restartedMain] .e.DevToolsPropertyDefaultsPostProcessor : For additional web related logging consider setting the 'logging.level.web' property to 'DEBUG'
2026-06-10T18:46:46.239+03:00  INFO 28303 --- [restartedMain] .s.b.d.c.l.DockerComposeLifecycleManager : Using Docker Compose file /home/zioncd/IdeaProjects/sms/compose.yaml
2026-06-10T18:46:54.599+03:00  INFO 28303 --- [restartedMain] .s.b.d.c.l.DockerComposeLifecycleManager : There are already Docker Compose services running, skipping startup
2026-06-10T18:46:57.138+03:00  INFO 28303 --- [restartedMain] .s.d.r.c.RepositoryConfigurationDelegate : Bootstrapping Spring Data JPA repositories in DEFAULT mode.
2026-06-10T18:46:57.337+03:00  INFO 28303 --- [restartedMain] .s.d.r.c.RepositoryConfigurationDelegate : Finished Spring Data repository scanning in 175 ms. Found 23 JPA repository interfaces.
2026-06-10T18:46:59.143+03:00  INFO 28303 --- [restartedMain] o.s.boot.tomcat.TomcatWebServer          : Tomcat initialized with port 8085 (http)
2026-06-10T18:46:59.179+03:00  INFO 28303 --- [restartedMain] o.apache.catalina.core.StandardService   : Starting service [Tomcat]
2026-06-10T18:46:59.180+03:00  INFO 28303 --- [restartedMain] o.apache.catalina.core.StandardEngine    : Starting Servlet engine: [Apache Tomcat/11.0.20]
2026-06-10T18:46:59.218+03:00  INFO 28303 --- [restartedMain] b.w.c.s.WebApplicationContextInitializer : Root WebApplicationContext: initialization completed in 4606 ms
2026-06-10T18:46:59.683+03:00  INFO 28303 --- [restartedMain] org.hibernate.orm.jpa                    : HHH008540: Processing PersistenceUnitInfo [name: default]
2026-06-10T18:46:59.824+03:00  INFO 28303 --- [restartedMain] org.hibernate.orm.core                   : HHH000001: Hibernate ORM core version 7.2.7.Final
2026-06-10T18:47:00.596+03:00  INFO 28303 --- [restartedMain] o.s.o.j.p.SpringPersistenceUnitInfo      : No LoadTimeWeaver setup: ignoring JPA class transformer
2026-06-10T18:47:00.675+03:00  INFO 28303 --- [restartedMain] com.zaxxer.hikari.HikariDataSource       : HikariPool-1 - Starting...
2026-06-10T18:47:03.163+03:00  INFO 28303 --- [restartedMain] com.zaxxer.hikari.pool.HikariPool        : HikariPool-1 - Added connection org.postgresql.jdbc.PgConnection@7a610995
2026-06-10T18:47:03.171+03:00  INFO 28303 --- [restartedMain] com.zaxxer.hikari.HikariDataSource       : HikariPool-1 - Start completed.
2026-06-10T18:47:03.300+03:00  WARN 28303 --- [restartedMain] org.hibernate.orm.deprecation            : HHH90000025: PostgreSQLDialect does not need to be specified explicitly using 'hibernate.dialect' (remove the property setting and it will be selected by default)
2026-06-10T18:47:03.418+03:00  INFO 28303 --- [restartedMain] org.hibernate.orm.connections.pooling    : HHH10001005: Database info:
	Database JDBC URL [jdbc:postgresql://127.0.0.1:5433/sms]
	Database driver: PostgreSQL JDBC Driver
	Database dialect: PostgreSQLDialect
	Database version: 16.1
	Default catalog/schema: sms/public
	Autocommit mode: undefined/unknown
	Isolation level: READ_COMMITTED [default READ_COMMITTED]
	JDBC fetch size: none
	Pool: DataSourceConnectionProvider
	Minimum pool size: undefined/unknown
	Maximum pool size: undefined/unknown
2026-06-10T18:47:06.338+03:00  INFO 28303 --- [restartedMain] org.hibernate.orm.core                   : HHH000489: No JTA platform available (set 'hibernate.transaction.jta.platform' to enable JTA platform integration)
2026-06-10T18:47:06.494+03:00  INFO 28303 --- [restartedMain] j.LocalContainerEntityManagerFactoryBean : Initialized JPA EntityManagerFactory for persistence unit 'default'
2026-06-10T18:47:06.819+03:00  INFO 28303 --- [restartedMain] o.s.d.j.r.query.QueryEnhancerFactories   : Hibernate is in classpath; If applicable, HQL parser will be used.
2026-06-10T18:47:08.594+03:00  INFO 28303 --- [restartedMain] eAuthenticationProviderManagerConfigurer : Global AuthenticationManager configured with AuthenticationProvider bean with name authenticationProvider
2026-06-10T18:47:08.595+03:00  WARN 28303 --- [restartedMain] r$InitializeUserDetailsManagerConfigurer : Global AuthenticationManager configured with an AuthenticationProvider bean. UserDetailsService beans will not be used by Spring Security for automatically configuring username/password login. Consider removing the AuthenticationProvider bean. Alternatively, consider using the UserDetailsService in a manually instantiated DaoAuthenticationProvider. If the current configuration is intentional, to turn off this warning, increase the logging level of 'org.springframework.security.config.annotation.authentication.configuration.InitializeUserDetailsBeanManagerConfigurer' to ERROR
2026-06-10T18:47:14.793+03:00  WARN 28303 --- [restartedMain] s.w.s.m.m.a.RequestMappingHandlerMapping : Multiple @RequestMapping annotations found on public org.springframework.http.ResponseEntity com.project1.sms.controller.ProgramController.getAllProgram(), but only the first will be used: [@org.springframework.web.bind.annotation.GetMapping(consumes={}, headers={}, name="", params={}, path={}, produces={}, value={}, version=""), @org.springframework.web.bind.annotation.PostMapping(consumes={}, headers={}, name="", params={}, path={}, produces={}, value={}, version="")]
2026-06-10T18:47:15.063+03:00 DEBUG 28303 --- [restartedMain] o.s.s.web.DefaultSecurityFilterChain     : Will secure any request with filters: DisableEncodeUrlFilter, WebAsyncManagerIntegrationFilter, SecurityContextHolderFilter, HeaderWriterFilter, CorsFilter, LogoutFilter, OAuth2ProtectedResourceMetadataFilter, BearerTokenAuthenticationFilter, AuthenticationFilter, RequestCacheAwareFilter, SecurityContextHolderAwareRequestFilter, AnonymousAuthenticationFilter, SessionManagementFilter, ExceptionTranslationFilter, AuthorizationFilter
2026-06-10T18:47:16.349+03:00  INFO 28303 --- [restartedMain] o.s.boot.tomcat.TomcatWebServer          : Tomcat started on port 8085 (http) with context path '/'
2026-06-10T18:47:16.357+03:00  INFO 28303 --- [restartedMain] com.project1.sms.SmsApplication          : Started SmsApplication in 39.836 seconds (process running for 46.592)
2026-06-10T18:47:26.700+03:00  INFO 28303 --- [http-nio-8085-exec-1] o.a.c.c.C.[Tomcat].[localhost].[/]       : Initializing Spring DispatcherServlet 'dispatcherServlet'
2026-06-10T18:47:26.778+03:00  INFO 28303 --- [http-nio-8085-exec-1] o.s.web.servlet.DispatcherServlet        : Initializing Servlet 'dispatcherServlet'
2026-06-10T18:47:26.781+03:00  INFO 28303 --- [http-nio-8085-exec-1] o.s.web.servlet.DispatcherServlet        : Completed initialization in 1 ms
2026-06-10T18:47:27.616+03:00 DEBUG 28303 --- [http-nio-8085-exec-1] o.s.security.web.FilterChainProxy        : Securing POST /api/auth/login
2026-06-10T18:47:27.702+03:00  WARN 28303 --- [http-nio-8085-exec-1] o.s.w.s.h.HandlerMappingIntrospector     : Cache miss for REQUEST dispatch to '/api/auth/login' (previous null). Performing CorsConfiguration lookup. This is logged once only at WARN level, and every time at TRACE.
2026-06-10T18:47:27.813+03:00 DEBUG 28303 --- [http-nio-8085-exec-1] o.s.s.w.a.AnonymousAuthenticationFilter  : Set SecurityContextHolder to anonymous SecurityContext
2026-06-10T18:47:27.816+03:00 DEBUG 28303 --- [http-nio-8085-exec-1] o.s.security.web.FilterChainProxy        : Secured POST /api/auth/login
2026-06-10T18:47:28.451+03:00 DEBUG 28303 --- [http-nio-8085-exec-1] horizationManagerBeforeMethodInterceptor : Authorizing method invocation ReflectiveMethodInvocation: public org.springframework.http.ResponseEntity com.project1.sms.controller.AuthController.login(com.project1.sms.requestDTO.LoginRequest); target is of class [com.project1.sms.controller.AuthController]
2026-06-10T18:47:29.503+03:00 DEBUG 28303 --- [http-nio-8085-exec-1] horizationManagerBeforeMethodInterceptor : Authorized method invocation ReflectiveMethodInvocation: public org.springframework.http.ResponseEntity com.project1.sms.controller.AuthController.login(com.project1.sms.requestDTO.LoginRequest); target is of class [com.project1.sms.controller.AuthController]
2026-06-10T18:47:31.486+03:00 DEBUG 28303 --- [http-nio-8085-exec-1] o.s.s.a.dao.DaoAuthenticationProvider    : Failed to find user 'system'
2026-06-10T18:47:31.487+03:00 DEBUG 28303 --- [http-nio-8085-exec-1] o.s.s.authentication.ProviderManager     : Authentication failed with provider DaoAuthenticationProvider since Bad credentials
2026-06-10T18:47:31.827+03:00  WARN 28303 --- [http-nio-8085-exec-1] .m.m.a.ExceptionHandlerExceptionResolver : Resolved [org.springframework.security.authentication.BadCredentialsException: Bad credentials]
2026-06-10T18:47:49.399+03:00 DEBUG 28303 --- [http-nio-8085-exec-2] o.s.security.web.FilterChainProxy        : Securing POST /api/auth/login
2026-06-10T18:47:49.404+03:00 DEBUG 28303 --- [http-nio-8085-exec-2] o.s.s.w.a.AnonymousAuthenticationFilter  : Set SecurityContextHolder to anonymous SecurityContext
2026-06-10T18:47:49.405+03:00 DEBUG 28303 --- [http-nio-8085-exec-2] o.s.security.web.FilterChainProxy        : Secured POST /api/auth/login
2026-06-10T18:47:49.408+03:00 DEBUG 28303 --- [http-nio-8085-exec-2] horizationManagerBeforeMethodInterceptor : Authorizing method invocation ReflectiveMethodInvocation: public org.springframework.http.ResponseEntity com.project1.sms.controller.AuthController.login(com.project1.sms.requestDTO.LoginRequest); target is of class [com.project1.sms.controller.AuthController]
2026-06-10T18:47:49.412+03:00 DEBUG 28303 --- [http-nio-8085-exec-2] horizationManagerBeforeMethodInterceptor : Authorized method invocation ReflectiveMethodInvocation: public org.springframework.http.ResponseEntity com.project1.sms.controller.AuthController.login(com.project1.sms.requestDTO.LoginRequest); target is of class [com.project1.sms.controller.AuthController]
2026-06-10T18:47:49.604+03:00 DEBUG 28303 --- [http-nio-8085-exec-2] o.s.s.a.dao.DaoAuthenticationProvider    : Failed to find user 'system@zion'
2026-06-10T18:47:49.605+03:00 DEBUG 28303 --- [http-nio-8085-exec-2] o.s.s.authentication.ProviderManager     : Authentication failed with provider DaoAuthenticationProvider since Bad credentials
2026-06-10T18:47:49.631+03:00  WARN 28303 --- [http-nio-8085-exec-2] .m.m.a.ExceptionHandlerExceptionResolver : Resolved [org.springframework.security.authentication.BadCredentialsException: Bad credentials]
2026-06-10T18:48:08.609+03:00 DEBUG 28303 --- [http-nio-8085-exec-4] o.s.security.web.FilterChainProxy        : Securing POST /api/auth/login
2026-06-10T18:48:08.628+03:00 DEBUG 28303 --- [http-nio-8085-exec-4] o.s.s.w.a.AnonymousAuthenticationFilter  : Set SecurityContextHolder to anonymous SecurityContext
2026-06-10T18:48:08.628+03:00 DEBUG 28303 --- [http-nio-8085-exec-4] o.s.security.web.FilterChainProxy        : Secured POST /api/auth/login
2026-06-10T18:48:08.630+03:00 DEBUG 28303 --- [http-nio-8085-exec-4] horizationManagerBeforeMethodInterceptor : Authorizing method invocation ReflectiveMethodInvocation: public org.springframework.http.ResponseEntity com.project1.sms.controller.AuthController.login(com.project1.sms.requestDTO.LoginRequest); target is of class [com.project1.sms.controller.AuthController]
2026-06-10T18:48:08.630+03:00 DEBUG 28303 --- [http-nio-8085-exec-4] horizationManagerBeforeMethodInterceptor : Authorized method invocation ReflectiveMethodInvocation: public org.springframework.http.ResponseEntity com.project1.sms.controller.AuthController.login(com.project1.sms.requestDTO.LoginRequest); target is of class [com.project1.sms.controller.AuthController]
2026-06-10T18:48:09.856+03:00 DEBUG 28303 --- [http-nio-8085-exec-4] o.s.s.a.dao.DaoAuthenticationProvider    : Authenticated user
2026-06-10T18:50:24.290+03:00 DEBUG 28303 --- [http-nio-8085-exec-7] o.s.security.web.FilterChainProxy        : Securing POST /api/users
2026-06-10T18:50:58.833+03:00 DEBUG 28303 --- [http-nio-8085-exec-8] o.s.security.web.FilterChainProxy        : Securing POST /api/users
2026-06-10T18:50:58.894+03:00 DEBUG 28303 --- [http-nio-8085-exec-8] o.s.s.o.s.r.a.JwtAuthenticationProvider  : Authenticated token
2026-06-10T18:50:58.898+03:00 DEBUG 28303 --- [http-nio-8085-exec-8] .s.r.w.a.BearerTokenAuthenticationFilter : Set SecurityContextHolder to JwtAuthenticationToken [Principal=org.springframework.security.oauth2.jwt.Jwt@9d386732, Credentials=[PROTECTED], Authenticated=true, Details=WebAuthenticationDetails [RemoteIpAddress=127.0.0.1, SessionId=null], Granted Authorities=[ROLE_ADMIN, FactorGrantedAuthority [authority=FACTOR_BEARER, issuedAt=2026-06-10T15:50:58.892348923Z]]]
2026-06-10T18:50:58.902+03:00 DEBUG 28303 --- [http-nio-8085-exec-8] o.s.security.web.FilterChainProxy        : Secured POST /api/users
2026-06-10T18:50:58.998+03:00 DEBUG 28303 --- [http-nio-8085-exec-8] horizationManagerBeforeMethodInterceptor : Authorizing method invocation ReflectiveMethodInvocation: public org.springframework.http.ResponseEntity com.project1.sms.controller.UserController.createUser(com.project1.sms.requestDTO.RegisterRequest); target is of class [com.project1.sms.controller.UserController]
2026-06-10T18:50:59.108+03:00 DEBUG 28303 --- [http-nio-8085-exec-8] horizationManagerBeforeMethodInterceptor : Authorized method invocation ReflectiveMethodInvocation: public org.springframework.http.ResponseEntity com.project1.sms.controller.UserController.createUser(com.project1.sms.requestDTO.RegisterRequest); target is of class [com.project1.sms.controller.UserController]
2026-06-10T18:52:04.707+03:00 DEBUG 28303 --- [http-nio-8085-exec-1] o.s.security.web.FilterChainProxy        : Securing POST /api/auth/login
2026-06-10T18:52:04.711+03:00 DEBUG 28303 --- [http-nio-8085-exec-1] o.s.s.w.a.AnonymousAuthenticationFilter  : Set SecurityContextHolder to anonymous SecurityContext
2026-06-10T18:52:04.712+03:00 DEBUG 28303 --- [http-nio-8085-exec-1] o.s.security.web.FilterChainProxy        : Secured POST /api/auth/login
2026-06-10T18:52:04.718+03:00 DEBUG 28303 --- [http-nio-8085-exec-1] horizationManagerBeforeMethodInterceptor : Authorizing method invocation ReflectiveMethodInvocation: public org.springframework.http.ResponseEntity com.project1.sms.controller.AuthController.login(com.project1.sms.requestDTO.LoginRequest); target is of class [com.project1.sms.controller.AuthController]
2026-06-10T18:52:04.720+03:00 DEBUG 28303 --- [http-nio-8085-exec-1] horizationManagerBeforeMethodInterceptor : Authorized method invocation ReflectiveMethodInvocation: public org.springframework.http.ResponseEntity com.project1.sms.controller.AuthController.login(com.project1.sms.requestDTO.LoginRequest); target is of class [com.project1.sms.controller.AuthController]
2026-06-10T18:52:04.988+03:00 DEBUG 28303 --- [http-nio-8085-exec-1] o.s.s.a.dao.DaoAuthenticationProvider    : Authenticated user
2026-06-10T18:52:49.178+03:00 DEBUG 28303 --- [http-nio-8085-exec-2] o.s.security.web.FilterChainProxy        : Securing POST /api/auth/change-password
2026-06-10T18:52:54.138+03:00 DEBUG 28303 --- [http-nio-8085-exec-4] o.s.security.web.FilterChainProxy        : Securing POST /api/auth/change-password
2026-06-10T18:53:42.312+03:00 DEBUG 28303 --- [http-nio-8085-exec-5] o.s.security.web.FilterChainProxy        : Securing POST /api/auth/change-password
2026-06-10T18:53:42.314+03:00 DEBUG 28303 --- [http-nio-8085-exec-5] o.s.s.w.a.AnonymousAuthenticationFilter  : Set SecurityContextHolder to anonymous SecurityContext
2026-06-10T18:53:42.314+03:00 DEBUG 28303 --- [http-nio-8085-exec-5] o.s.security.web.FilterChainProxy        : Secured POST /api/auth/change-password
2026-06-10T18:53:42.323+03:00 DEBUG 28303 --- [http-nio-8085-exec-5] horizationManagerBeforeMethodInterceptor : Authorizing method invocation ReflectiveMethodInvocation: public org.springframework.http.ResponseEntity com.project1.sms.controller.AuthController.change(com.project1.sms.requestDTO.ChangePasswordRequest); target is of class [com.project1.sms.controller.AuthController]
2026-06-10T18:53:42.325+03:00 DEBUG 28303 --- [http-nio-8085-exec-5] horizationManagerBeforeMethodInterceptor : Authorized method invocation ReflectiveMethodInvocation: public org.springframework.http.ResponseEntity com.project1.sms.controller.AuthController.change(com.project1.sms.requestDTO.ChangePasswordRequest); target is of class [com.project1.sms.controller.AuthController]
2026-06-10T18:53:42.495+03:00 DEBUG 28303 --- [http-nio-8085-exec-5] o.s.s.a.dao.DaoAuthenticationProvider    : Failed to authenticate since password does not match stored value
2026-06-10T18:53:42.496+03:00 DEBUG 28303 --- [http-nio-8085-exec-5] o.s.s.authentication.ProviderManager     : Authentication failed with provider DaoAuthenticationProvider since Bad credentials
2026-06-10T18:53:42.500+03:00  WARN 28303 --- [http-nio-8085-exec-5] .m.m.a.ExceptionHandlerExceptionResolver : Resolved [org.springframework.security.authentication.BadCredentialsException: Bad credentials]
2026-06-10T18:54:19.254+03:00 DEBUG 28303 --- [http-nio-8085-exec-8] o.s.security.web.FilterChainProxy        : Securing POST /api/auth/change-password
2026-06-10T18:54:19.255+03:00 DEBUG 28303 --- [http-nio-8085-exec-8] o.s.s.w.a.AnonymousAuthenticationFilter  : Set SecurityContextHolder to anonymous SecurityContext
2026-06-10T18:54:19.256+03:00 DEBUG 28303 --- [http-nio-8085-exec-8] o.s.security.web.FilterChainProxy        : Secured POST /api/auth/change-password
2026-06-10T18:54:19.259+03:00 DEBUG 28303 --- [http-nio-8085-exec-8] horizationManagerBeforeMethodInterceptor : Authorizing method invocation ReflectiveMethodInvocation: public org.springframework.http.ResponseEntity com.project1.sms.controller.AuthController.change(com.project1.sms.requestDTO.ChangePasswordRequest); target is of class [com.project1.sms.controller.AuthController]
2026-06-10T18:54:19.260+03:00 DEBUG 28303 --- [http-nio-8085-exec-8] horizationManagerBeforeMethodInterceptor : Authorized method invocation ReflectiveMethodInvocation: public org.springframework.http.ResponseEntity com.project1.sms.controller.AuthController.change(com.project1.sms.requestDTO.ChangePasswordRequest); target is of class [com.project1.sms.controller.AuthController]
2026-06-10T18:54:19.434+03:00 DEBUG 28303 --- [http-nio-8085-exec-8] o.s.s.a.dao.DaoAuthenticationProvider    : Failed to authenticate since password does not match stored value
2026-06-10T18:54:19.435+03:00 DEBUG 28303 --- [http-nio-8085-exec-8] o.s.s.authentication.ProviderManager     : Authentication failed with provider DaoAuthenticationProvider since Bad credentials
2026-06-10T18:54:19.438+03:00  WARN 28303 --- [http-nio-8085-exec-8] .m.m.a.ExceptionHandlerExceptionResolver : Resolved [org.springframework.security.authentication.BadCredentialsException: Bad credentials]
2026-06-10T18:54:51.858+03:00 DEBUG 28303 --- [http-nio-8085-exec-10] o.s.security.web.FilterChainProxy        : Securing POST /api/auth/change-password
2026-06-10T18:54:51.860+03:00 DEBUG 28303 --- [http-nio-8085-exec-10] o.s.s.w.a.AnonymousAuthenticationFilter  : Set SecurityContextHolder to anonymous SecurityContext
2026-06-10T18:54:51.862+03:00 DEBUG 28303 --- [http-nio-8085-exec-10] o.s.security.web.FilterChainProxy        : Secured POST /api/auth/change-password
2026-06-10T18:54:51.865+03:00 DEBUG 28303 --- [http-nio-8085-exec-10] horizationManagerBeforeMethodInterceptor : Authorizing method invocation ReflectiveMethodInvocation: public org.springframework.http.ResponseEntity com.project1.sms.controller.AuthController.change(com.project1.sms.requestDTO.ChangePasswordRequest); target is of class [com.project1.sms.controller.AuthController]
2026-06-10T18:54:51.866+03:00 DEBUG 28303 --- [http-nio-8085-exec-10] horizationManagerBeforeMethodInterceptor : Authorized method invocation ReflectiveMethodInvocation: public org.springframework.http.ResponseEntity com.project1.sms.controller.AuthController.change(com.project1.sms.requestDTO.ChangePasswordRequest); target is of class [com.project1.sms.controller.AuthController]
2026-06-10T18:54:52.075+03:00 DEBUG 28303 --- [http-nio-8085-exec-10] o.s.s.a.dao.DaoAuthenticationProvider    : Authenticated user
2026-06-10T19:05:22.253+03:00  INFO 28303 --- [SpringApplicationShutdownHook] o.s.boot.tomcat.GracefulShutdown         : Commencing graceful shutdown. Waiting for active requests to complete
2026-06-10T19:05:24.551+03:00  INFO 28303 --- [tomcat-shutdown] o.s.boot.tomcat.GracefulShutdown         : Graceful shutdown complete
2026-06-10T19:05:25.191+03:00  INFO 28303 --- [SpringApplicationShutdownHook] j.LocalContainerEntityManagerFactoryBean : Closing JPA EntityManagerFactory for persistence unit 'default'
2026-06-10T19:05:25.573+03:00  INFO 28303 --- [SpringApplicationShutdownHook] com.zaxxer.hikari.HikariDataSource       : HikariPool-1 - Shutdown initiated...
2026-06-10T19:05:25.686+03:00  INFO 28303 --- [SpringApplicationShutdownHook] com.zaxxer.hikari.HikariDataSource       : HikariPool-1 - Shutdown completed.
2026-06-10T19:05:55.921+03:00  INFO 28734 --- [restartedMain] com.project1.sms.SmsApplication          : Starting SmsApplication using Java 26.0.1 with PID 28734 (/home/zioncd/IdeaProjects/sms/target/classes started by zioncd in /home/zioncd/IdeaProjects/sms)
2026-06-10T19:05:55.929+03:00  INFO 28734 --- [restartedMain] com.project1.sms.SmsApplication          : The following 1 profile is active: "dev"
2026-06-10T19:05:56.488+03:00  INFO 28734 --- [restartedMain] .e.DevToolsPropertyDefaultsPostProcessor : Devtools property defaults active! Set 'spring.devtools.add-properties' to 'false' to disable
2026-06-10T19:05:56.489+03:00  INFO 28734 --- [restartedMain] .e.DevToolsPropertyDefaultsPostProcessor : For additional web related logging consider setting the 'logging.level.web' property to 'DEBUG'
2026-06-10T19:05:56.536+03:00  INFO 28734 --- [restartedMain] .s.b.d.c.l.DockerComposeLifecycleManager : Using Docker Compose file /home/zioncd/IdeaProjects/sms/compose.yaml
2026-06-10T19:06:06.643+03:00  INFO 28734 --- [restartedMain] .s.b.d.c.l.DockerComposeLifecycleManager : There are already Docker Compose services running, skipping startup
2026-06-10T19:06:10.704+03:00  INFO 28734 --- [restartedMain] .s.d.r.c.RepositoryConfigurationDelegate : Bootstrapping Spring Data JPA repositories in DEFAULT mode.
2026-06-10T19:06:11.301+03:00  INFO 28734 --- [restartedMain] .s.d.r.c.RepositoryConfigurationDelegate : Finished Spring Data repository scanning in 564 ms. Found 23 JPA repository interfaces.
2026-06-10T19:06:19.645+03:00  INFO 28734 --- [restartedMain] o.s.boot.tomcat.TomcatWebServer          : Tomcat initialized with port 8085 (http)
2026-06-10T19:06:19.681+03:00  INFO 28734 --- [restartedMain] o.apache.catalina.core.StandardService   : Starting service [Tomcat]
2026-06-10T19:06:19.681+03:00  INFO 28734 --- [restartedMain] o.apache.catalina.core.StandardEngine    : Starting Servlet engine: [Apache Tomcat/11.0.20]
2026-06-10T19:06:19.729+03:00  INFO 28734 --- [restartedMain] b.w.c.s.WebApplicationContextInitializer : Root WebApplicationContext: initialization completed in 13056 ms
2026-06-10T19:06:20.256+03:00  INFO 28734 --- [restartedMain] org.hibernate.orm.jpa                    : HHH008540: Processing PersistenceUnitInfo [name: default]
2026-06-10T19:06:20.416+03:00  INFO 28734 --- [restartedMain] org.hibernate.orm.core                   : HHH000001: Hibernate ORM core version 7.2.7.Final
2026-06-10T19:06:21.562+03:00  INFO 28734 --- [restartedMain] o.s.o.j.p.SpringPersistenceUnitInfo      : No LoadTimeWeaver setup: ignoring JPA class transformer
2026-06-10T19:06:21.755+03:00  INFO 28734 --- [restartedMain] com.zaxxer.hikari.HikariDataSource       : HikariPool-1 - Starting...
2026-06-10T19:06:23.733+03:00  INFO 28734 --- [restartedMain] com.zaxxer.hikari.pool.HikariPool        : HikariPool-1 - Added connection org.postgresql.jdbc.PgConnection@a85c156
2026-06-10T19:06:23.738+03:00  INFO 28734 --- [restartedMain] com.zaxxer.hikari.HikariDataSource       : HikariPool-1 - Start completed.
2026-06-10T19:06:23.918+03:00  WARN 28734 --- [restartedMain] org.hibernate.orm.deprecation            : HHH90000025: PostgreSQLDialect does not need to be specified explicitly using 'hibernate.dialect' (remove the property setting and it will be selected by default)
2026-06-10T19:06:23.983+03:00  INFO 28734 --- [restartedMain] org.hibernate.orm.connections.pooling    : HHH10001005: Database info:
	Database JDBC URL [jdbc:postgresql://127.0.0.1:5433/sms]
	Database driver: PostgreSQL JDBC Driver
	Database dialect: PostgreSQLDialect
	Database version: 16.1
	Default catalog/schema: sms/public
	Autocommit mode: undefined/unknown
	Isolation level: READ_COMMITTED [default READ_COMMITTED]
	JDBC fetch size: none
	Pool: DataSourceConnectionProvider
	Minimum pool size: undefined/unknown
	Maximum pool size: undefined/unknown
2026-06-10T19:06:28.828+03:00  INFO 28734 --- [restartedMain] org.hibernate.orm.core                   : HHH000489: No JTA platform available (set 'hibernate.transaction.jta.platform' to enable JTA platform integration)
2026-06-10T19:06:29.019+03:00  INFO 28734 --- [restartedMain] j.LocalContainerEntityManagerFactoryBean : Initialized JPA EntityManagerFactory for persistence unit 'default'
2026-06-10T19:06:29.397+03:00  INFO 28734 --- [restartedMain] o.s.d.j.r.query.QueryEnhancerFactories   : Hibernate is in classpath; If applicable, HQL parser will be used.
2026-06-10T19:06:31.078+03:00  INFO 28734 --- [restartedMain] eAuthenticationProviderManagerConfigurer : Global AuthenticationManager configured with AuthenticationProvider bean with name authenticationProvider
2026-06-10T19:06:31.082+03:00  WARN 28734 --- [restartedMain] r$InitializeUserDetailsManagerConfigurer : Global AuthenticationManager configured with an AuthenticationProvider bean. UserDetailsService beans will not be used by Spring Security for automatically configuring username/password login. Consider removing the AuthenticationProvider bean. Alternatively, consider using the UserDetailsService in a manually instantiated DaoAuthenticationProvider. If the current configuration is intentional, to turn off this warning, increase the logging level of 'org.springframework.security.config.annotation.authentication.configuration.InitializeUserDetailsBeanManagerConfigurer' to ERROR
2026-06-10T19:06:35.812+03:00  WARN 28734 --- [restartedMain] s.w.s.m.m.a.RequestMappingHandlerMapping : Multiple @RequestMapping annotations found on public org.springframework.http.ResponseEntity com.project1.sms.controller.ProgramController.getAllProgram(), but only the first will be used: [@org.springframework.web.bind.annotation.GetMapping(consumes={}, headers={}, name="", params={}, path={}, produces={}, value={}, version=""), @org.springframework.web.bind.annotation.PostMapping(consumes={}, headers={}, name="", params={}, path={}, produces={}, value={}, version="")]
2026-06-10T19:06:35.979+03:00 DEBUG 28734 --- [restartedMain] o.s.s.web.DefaultSecurityFilterChain     : Will secure any request with filters: DisableEncodeUrlFilter, WebAsyncManagerIntegrationFilter, SecurityContextHolderFilter, HeaderWriterFilter, CorsFilter, LogoutFilter, OAuth2ProtectedResourceMetadataFilter, BearerTokenAuthenticationFilter, AuthenticationFilter, RequestCacheAwareFilter, SecurityContextHolderAwareRequestFilter, AnonymousAuthenticationFilter, SessionManagementFilter, ExceptionTranslationFilter, AuthorizationFilter
2026-06-10T19:06:37.226+03:00  INFO 28734 --- [restartedMain] o.s.boot.tomcat.TomcatWebServer          : Tomcat started on port 8085 (http) with context path '/'
2026-06-10T19:06:37.233+03:00  INFO 28734 --- [restartedMain] com.project1.sms.SmsApplication          : Started SmsApplication in 45.522 seconds (process running for 54.05)
2026-06-10T19:16:15.424+03:00  INFO 28734 --- [http-nio-8085-exec-1] o.a.c.c.C.[Tomcat].[localhost].[/]       : Initializing Spring DispatcherServlet 'dispatcherServlet'
2026-06-10T19:16:15.488+03:00  INFO 28734 --- [http-nio-8085-exec-1] o.s.web.servlet.DispatcherServlet        : Initializing Servlet 'dispatcherServlet'
2026-06-10T19:16:15.499+03:00  INFO 28734 --- [http-nio-8085-exec-1] o.s.web.servlet.DispatcherServlet        : Completed initialization in 9 ms
2026-06-10T19:16:16.019+03:00 DEBUG 28734 --- [http-nio-8085-exec-1] o.s.security.web.FilterChainProxy        : Securing POST /api/students
2026-06-10T19:16:16.424+03:00  WARN 28734 --- [http-nio-8085-exec-1] o.s.w.s.h.HandlerMappingIntrospector     : Cache miss for REQUEST dispatch to '/api/students' (previous null). Performing CorsConfiguration lookup. This is logged once only at WARN level, and every time at TRACE.
2026-06-10T19:16:16.670+03:00 DEBUG 28734 --- [http-nio-8085-exec-1] o.s.s.o.s.r.a.JwtAuthenticationProvider  : Authenticated token
2026-06-10T19:16:16.673+03:00 DEBUG 28734 --- [http-nio-8085-exec-1] .s.r.w.a.BearerTokenAuthenticationFilter : Set SecurityContextHolder to JwtAuthenticationToken [Principal=org.springframework.security.oauth2.jwt.Jwt@cbf168d8, Credentials=[PROTECTED], Authenticated=true, Details=WebAuthenticationDetails [RemoteIpAddress=127.0.0.1, SessionId=null], Granted Authorities=[ROLE_REGISTRAR_HEAD, FactorGrantedAuthority [authority=FACTOR_BEARER, issuedAt=2026-06-10T16:16:16.661264933Z]]]
2026-06-10T19:16:16.678+03:00 DEBUG 28734 --- [http-nio-8085-exec-1] o.s.security.web.FilterChainProxy        : Secured POST /api/students
2026-06-10T19:16:17.054+03:00 DEBUG 28734 --- [http-nio-8085-exec-1] horizationManagerBeforeMethodInterceptor : Authorizing method invocation ReflectiveMethodInvocation: public org.springframework.http.ResponseEntity com.project1.sms.controller.StudentController.studentRegister(com.project1.sms.requestDTO.StudentRequest); target is of class [com.project1.sms.controller.StudentController]
2026-06-10T19:16:17.277+03:00 DEBUG 28734 --- [http-nio-8085-exec-1] horizationManagerBeforeMethodInterceptor : Failed to authorize ReflectiveMethodInvocation: public org.springframework.http.ResponseEntity com.project1.sms.controller.StudentController.studentRegister(com.project1.sms.requestDTO.StudentRequest); target is of class [com.project1.sms.controller.StudentController] with authorization manager org.springframework.security.authorization.method.PreAuthorizeAuthorizationManager@525725ff and result ExpressionAuthorizationDecision [granted=false, expressionAttribute=hasAnyRole('REGISTRAR_OFFICER,REGISTRAR_HEAD')]
2026-06-10T19:16:17.566+03:00  WARN 28734 --- [http-nio-8085-exec-1] .m.m.a.ExceptionHandlerExceptionResolver : Resolved [org.springframework.security.authorization.AuthorizationDeniedException: Access Denied]
2026-06-10T19:18:00.023+03:00  INFO 28734 --- [SpringApplicationShutdownHook] o.s.boot.tomcat.GracefulShutdown         : Commencing graceful shutdown. Waiting for active requests to complete
2026-06-10T19:18:00.070+03:00  INFO 28734 --- [tomcat-shutdown] o.s.boot.tomcat.GracefulShutdown         : Graceful shutdown complete
2026-06-10T19:18:00.107+03:00  INFO 28734 --- [SpringApplicationShutdownHook] j.LocalContainerEntityManagerFactoryBean : Closing JPA EntityManagerFactory for persistence unit 'default'
2026-06-10T19:18:00.129+03:00  INFO 28734 --- [SpringApplicationShutdownHook] com.zaxxer.hikari.HikariDataSource       : HikariPool-1 - Shutdown initiated...
2026-06-10T19:18:00.136+03:00  INFO 28734 --- [SpringApplicationShutdownHook] com.zaxxer.hikari.HikariDataSource       : HikariPool-1 - Shutdown completed.
2026-06-10T19:18:22.441+03:00  INFO 29097 --- [restartedMain] com.project1.sms.SmsApplication          : Starting SmsApplication using Java 26.0.1 with PID 29097 (/home/zioncd/IdeaProjects/sms/target/classes started by zioncd in /home/zioncd/IdeaProjects/sms)
2026-06-10T19:18:22.445+03:00  INFO 29097 --- [restartedMain] com.project1.sms.SmsApplication          : The following 1 profile is active: "dev"
2026-06-10T19:18:22.817+03:00  INFO 29097 --- [restartedMain] .e.DevToolsPropertyDefaultsPostProcessor : Devtools property defaults active! Set 'spring.devtools.add-properties' to 'false' to disable
2026-06-10T19:18:22.817+03:00  INFO 29097 --- [restartedMain] .e.DevToolsPropertyDefaultsPostProcessor : For additional web related logging consider setting the 'logging.level.web' property to 'DEBUG'
2026-06-10T19:18:22.855+03:00  INFO 29097 --- [restartedMain] .s.b.d.c.l.DockerComposeLifecycleManager : Using Docker Compose file /home/zioncd/IdeaProjects/sms/compose.yaml
2026-06-10T19:18:33.630+03:00  INFO 29097 --- [restartedMain] .s.b.d.c.l.DockerComposeLifecycleManager : There are already Docker Compose services running, skipping startup
2026-06-10T19:18:46.781+03:00  INFO 29097 --- [restartedMain] .s.d.r.c.RepositoryConfigurationDelegate : Bootstrapping Spring Data JPA repositories in DEFAULT mode.
2026-06-10T19:18:46.975+03:00  INFO 29097 --- [restartedMain] .s.d.r.c.RepositoryConfigurationDelegate : Finished Spring Data repository scanning in 172 ms. Found 23 JPA repository interfaces.
2026-06-10T19:18:48.815+03:00  INFO 29097 --- [restartedMain] o.s.boot.tomcat.TomcatWebServer          : Tomcat initialized with port 8085 (http)
2026-06-10T19:18:48.843+03:00  INFO 29097 --- [restartedMain] o.apache.catalina.core.StandardService   : Starting service [Tomcat]
2026-06-10T19:18:48.844+03:00  INFO 29097 --- [restartedMain] o.apache.catalina.core.StandardEngine    : Starting Servlet engine: [Apache Tomcat/11.0.20]
2026-06-10T19:18:48.883+03:00  INFO 29097 --- [restartedMain] b.w.c.s.WebApplicationContextInitializer : Root WebApplicationContext: initialization completed in 14956 ms
2026-06-10T19:18:49.466+03:00  INFO 29097 --- [restartedMain] org.hibernate.orm.jpa                    : HHH008540: Processing PersistenceUnitInfo [name: default]
2026-06-10T19:18:49.761+03:00  INFO 29097 --- [restartedMain] org.hibernate.orm.core                   : HHH000001: Hibernate ORM core version 7.2.7.Final
2026-06-10T19:18:50.664+03:00  INFO 29097 --- [restartedMain] o.s.o.j.p.SpringPersistenceUnitInfo      : No LoadTimeWeaver setup: ignoring JPA class transformer
2026-06-10T19:18:50.850+03:00  INFO 29097 --- [restartedMain] com.zaxxer.hikari.HikariDataSource       : HikariPool-1 - Starting...
2026-06-10T19:18:51.721+03:00  INFO 29097 --- [restartedMain] com.zaxxer.hikari.pool.HikariPool        : HikariPool-1 - Added connection org.postgresql.jdbc.PgConnection@4c7cdbd6
2026-06-10T19:18:51.729+03:00  INFO 29097 --- [restartedMain] com.zaxxer.hikari.HikariDataSource       : HikariPool-1 - Start completed.
2026-06-10T19:18:51.831+03:00  WARN 29097 --- [restartedMain] org.hibernate.orm.deprecation            : HHH90000025: PostgreSQLDialect does not need to be specified explicitly using 'hibernate.dialect' (remove the property setting and it will be selected by default)
2026-06-10T19:18:51.889+03:00  INFO 29097 --- [restartedMain] org.hibernate.orm.connections.pooling    : HHH10001005: Database info:
	Database JDBC URL [jdbc:postgresql://127.0.0.1:5433/sms]
	Database driver: PostgreSQL JDBC Driver
	Database dialect: PostgreSQLDialect
	Database version: 16.1
	Default catalog/schema: sms/public
	Autocommit mode: undefined/unknown
	Isolation level: READ_COMMITTED [default READ_COMMITTED]
	JDBC fetch size: none
	Pool: DataSourceConnectionProvider
	Minimum pool size: undefined/unknown
	Maximum pool size: undefined/unknown
2026-06-10T19:18:54.192+03:00  INFO 29097 --- [restartedMain] org.hibernate.orm.core                   : HHH000489: No JTA platform available (set 'hibernate.transaction.jta.platform' to enable JTA platform integration)
2026-06-10T19:18:54.426+03:00  INFO 29097 --- [restartedMain] j.LocalContainerEntityManagerFactoryBean : Initialized JPA EntityManagerFactory for persistence unit 'default'
2026-06-10T19:18:54.776+03:00  INFO 29097 --- [restartedMain] o.s.d.j.r.query.QueryEnhancerFactories   : Hibernate is in classpath; If applicable, HQL parser will be used.
2026-06-10T19:18:56.482+03:00  INFO 29097 --- [restartedMain] eAuthenticationProviderManagerConfigurer : Global AuthenticationManager configured with AuthenticationProvider bean with name authenticationProvider
2026-06-10T19:18:56.483+03:00  WARN 29097 --- [restartedMain] r$InitializeUserDetailsManagerConfigurer : Global AuthenticationManager configured with an AuthenticationProvider bean. UserDetailsService beans will not be used by Spring Security for automatically configuring username/password login. Consider removing the AuthenticationProvider bean. Alternatively, consider using the UserDetailsService in a manually instantiated DaoAuthenticationProvider. If the current configuration is intentional, to turn off this warning, increase the logging level of 'org.springframework.security.config.annotation.authentication.configuration.InitializeUserDetailsBeanManagerConfigurer' to ERROR
2026-06-10T19:19:01.211+03:00  WARN 29097 --- [restartedMain] s.w.s.m.m.a.RequestMappingHandlerMapping : Multiple @RequestMapping annotations found on public org.springframework.http.ResponseEntity com.project1.sms.controller.ProgramController.getAllProgram(), but only the first will be used: [@org.springframework.web.bind.annotation.GetMapping(consumes={}, headers={}, name="", params={}, path={}, produces={}, value={}, version=""), @org.springframework.web.bind.annotation.PostMapping(consumes={}, headers={}, name="", params={}, path={}, produces={}, value={}, version="")]
2026-06-10T19:19:01.406+03:00 DEBUG 29097 --- [restartedMain] o.s.s.web.DefaultSecurityFilterChain     : Will secure any request with filters: DisableEncodeUrlFilter, WebAsyncManagerIntegrationFilter, SecurityContextHolderFilter, HeaderWriterFilter, CorsFilter, LogoutFilter, OAuth2ProtectedResourceMetadataFilter, BearerTokenAuthenticationFilter, AuthenticationFilter, RequestCacheAwareFilter, SecurityContextHolderAwareRequestFilter, AnonymousAuthenticationFilter, SessionManagementFilter, ExceptionTranslationFilter, AuthorizationFilter
2026-06-10T19:19:02.280+03:00  INFO 29097 --- [restartedMain] o.s.boot.tomcat.TomcatWebServer          : Tomcat started on port 8085 (http) with context path '/'
2026-06-10T19:19:02.288+03:00  INFO 29097 --- [restartedMain] com.project1.sms.SmsApplication          : Started SmsApplication in 44.469 seconds (process running for 51.901)
2026-06-10T19:19:25.286+03:00  INFO 29097 --- [http-nio-8085-exec-1] o.a.c.c.C.[Tomcat].[localhost].[/]       : Initializing Spring DispatcherServlet 'dispatcherServlet'
2026-06-10T19:19:25.288+03:00  INFO 29097 --- [http-nio-8085-exec-1] o.s.web.servlet.DispatcherServlet        : Initializing Servlet 'dispatcherServlet'
2026-06-10T19:19:25.291+03:00  INFO 29097 --- [http-nio-8085-exec-1] o.s.web.servlet.DispatcherServlet        : Completed initialization in 2 ms
2026-06-10T19:19:25.364+03:00 DEBUG 29097 --- [http-nio-8085-exec-1] o.s.security.web.FilterChainProxy        : Securing POST /api/students
2026-06-10T19:19:25.386+03:00  WARN 29097 --- [http-nio-8085-exec-1] o.s.w.s.h.HandlerMappingIntrospector     : Cache miss for REQUEST dispatch to '/api/students' (previous null). Performing CorsConfiguration lookup. This is logged once only at WARN level, and every time at TRACE.
2026-06-10T19:19:25.693+03:00 DEBUG 29097 --- [http-nio-8085-exec-1] o.s.s.o.s.r.a.JwtAuthenticationProvider  : Authenticated token
2026-06-10T19:19:25.694+03:00 DEBUG 29097 --- [http-nio-8085-exec-1] .s.r.w.a.BearerTokenAuthenticationFilter : Set SecurityContextHolder to JwtAuthenticationToken [Principal=org.springframework.security.oauth2.jwt.Jwt@cbf168d8, Credentials=[PROTECTED], Authenticated=true, Details=WebAuthenticationDetails [RemoteIpAddress=127.0.0.1, SessionId=null], Granted Authorities=[ROLE_REGISTRAR_HEAD, FactorGrantedAuthority [authority=FACTOR_BEARER, issuedAt=2026-06-10T16:19:25.686868999Z]]]
2026-06-10T19:19:25.702+03:00 DEBUG 29097 --- [http-nio-8085-exec-1] o.s.security.web.FilterChainProxy        : Secured POST /api/students
2026-06-10T19:19:26.094+03:00 DEBUG 29097 --- [http-nio-8085-exec-1] horizationManagerBeforeMethodInterceptor : Authorizing method invocation ReflectiveMethodInvocation: public org.springframework.http.ResponseEntity com.project1.sms.controller.StudentController.studentRegister(com.project1.sms.requestDTO.StudentRequest); target is of class [com.project1.sms.controller.StudentController]
2026-06-10T19:19:26.775+03:00 DEBUG 29097 --- [http-nio-8085-exec-1] horizationManagerBeforeMethodInterceptor : Authorized method invocation ReflectiveMethodInvocation: public org.springframework.http.ResponseEntity com.project1.sms.controller.StudentController.studentRegister(com.project1.sms.requestDTO.StudentRequest); target is of class [com.project1.sms.controller.StudentController]
2026-06-10T19:19:28.282+03:00  WARN 29097 --- [http-nio-8085-exec-1] .m.m.a.ExceptionHandlerExceptionResolver : Resolved [org.springframework.dao.IncorrectResultSizeDataAccessException: Query did not return a unique result: 2 results were returned]
2026-06-10T19:21:07.212+03:00 DEBUG 29097 --- [http-nio-8085-exec-2] o.s.security.web.FilterChainProxy        : Securing POST /api/students
2026-06-10T19:21:07.235+03:00 DEBUG 29097 --- [http-nio-8085-exec-2] o.s.s.o.s.r.a.JwtAuthenticationProvider  : Authenticated token
2026-06-10T19:21:07.236+03:00 DEBUG 29097 --- [http-nio-8085-exec-2] .s.r.w.a.BearerTokenAuthenticationFilter : Set SecurityContextHolder to JwtAuthenticationToken [Principal=org.springframework.security.oauth2.jwt.Jwt@cbf168d8, Credentials=[PROTECTED], Authenticated=true, Details=WebAuthenticationDetails [RemoteIpAddress=127.0.0.1, SessionId=null], Granted Authorities=[ROLE_REGISTRAR_HEAD, FactorGrantedAuthority [authority=FACTOR_BEARER, issuedAt=2026-06-10T16:21:07.235905261Z]]]
2026-06-10T19:21:07.237+03:00 DEBUG 29097 --- [http-nio-8085-exec-2] o.s.security.web.FilterChainProxy        : Secured POST /api/students
2026-06-10T19:21:07.275+03:00  WARN 29097 --- [http-nio-8085-exec-2] .m.m.a.ExceptionHandlerExceptionResolver : Resolved [org.springframework.http.converter.HttpMessageNotReadableException: JSON parse error: Cannot construct instance of `com.project1.sms.enumeration.ProgramEnum`, problem: Invalid program:  REGULAR]
2026-06-10T19:21:09.327+03:00 DEBUG 29097 --- [http-nio-8085-exec-3] o.s.security.web.FilterChainProxy        : Securing POST /api/students
2026-06-10T19:21:09.334+03:00 DEBUG 29097 --- [http-nio-8085-exec-3] o.s.s.o.s.r.a.JwtAuthenticationProvider  : Authenticated token
2026-06-10T19:21:09.336+03:00 DEBUG 29097 --- [http-nio-8085-exec-3] .s.r.w.a.BearerTokenAuthenticationFilter : Set SecurityContextHolder to JwtAuthenticationToken [Principal=org.springframework.security.oauth2.jwt.Jwt@cbf168d8, Credentials=[PROTECTED], Authenticated=true, Details=WebAuthenticationDetails [RemoteIpAddress=127.0.0.1, SessionId=null], Granted Authorities=[FactorGrantedAuthority [authority=FACTOR_BEARER, issuedAt=2026-06-10T16:21:09.334673331Z], ROLE_REGISTRAR_HEAD]]
2026-06-10T19:21:09.336+03:00 DEBUG 29097 --- [http-nio-8085-exec-3] o.s.security.web.FilterChainProxy        : Secured POST /api/students
2026-06-10T19:21:09.342+03:00  WARN 29097 --- [http-nio-8085-exec-3] .m.m.a.ExceptionHandlerExceptionResolver : Resolved [org.springframework.http.converter.HttpMessageNotReadableException: JSON parse error: Cannot construct instance of `com.project1.sms.enumeration.ProgramEnum`, problem: Invalid program:  REGULAR]
2026-06-10T19:21:27.581+03:00 DEBUG 29097 --- [http-nio-8085-exec-4] o.s.security.web.FilterChainProxy        : Securing POST /api/students
2026-06-10T19:21:27.584+03:00 DEBUG 29097 --- [http-nio-8085-exec-4] o.s.s.o.s.r.a.JwtAuthenticationProvider  : Authenticated token
2026-06-10T19:21:27.584+03:00 DEBUG 29097 --- [http-nio-8085-exec-4] .s.r.w.a.BearerTokenAuthenticationFilter : Set SecurityContextHolder to JwtAuthenticationToken [Principal=org.springframework.security.oauth2.jwt.Jwt@cbf168d8, Credentials=[PROTECTED], Authenticated=true, Details=WebAuthenticationDetails [RemoteIpAddress=127.0.0.1, SessionId=null], Granted Authorities=[ROLE_REGISTRAR_HEAD, FactorGrantedAuthority [authority=FACTOR_BEARER, issuedAt=2026-06-10T16:21:27.584110405Z]]]
2026-06-10T19:21:27.585+03:00 DEBUG 29097 --- [http-nio-8085-exec-4] o.s.security.web.FilterChainProxy        : Secured POST /api/students
2026-06-10T19:21:27.589+03:00 DEBUG 29097 --- [http-nio-8085-exec-4] horizationManagerBeforeMethodInterceptor : Authorizing method invocation ReflectiveMethodInvocation: public org.springframework.http.ResponseEntity com.project1.sms.controller.StudentController.studentRegister(com.project1.sms.requestDTO.StudentRequest); target is of class [com.project1.sms.controller.StudentController]
2026-06-10T19:21:27.591+03:00 DEBUG 29097 --- [http-nio-8085-exec-4] horizationManagerBeforeMethodInterceptor : Authorized method invocation ReflectiveMethodInvocation: public org.springframework.http.ResponseEntity com.project1.sms.controller.StudentController.studentRegister(com.project1.sms.requestDTO.StudentRequest); target is of class [com.project1.sms.controller.StudentController]
2026-06-10T19:21:27.605+03:00  WARN 29097 --- [http-nio-8085-exec-4] .m.m.a.ExceptionHandlerExceptionResolver : Resolved [org.springframework.dao.IncorrectResultSizeDataAccessException: Query did not return a unique result: 2 results were returned]
2026-06-10T19:21:29.474+03:00 DEBUG 29097 --- [http-nio-8085-exec-5] o.s.security.web.FilterChainProxy        : Securing POST /api/students
2026-06-10T19:21:29.475+03:00 DEBUG 29097 --- [http-nio-8085-exec-5] o.s.s.o.s.r.a.JwtAuthenticationProvider  : Authenticated token
2026-06-10T19:21:29.476+03:00 DEBUG 29097 --- [http-nio-8085-exec-5] .s.r.w.a.BearerTokenAuthenticationFilter : Set SecurityContextHolder to JwtAuthenticationToken [Principal=org.springframework.security.oauth2.jwt.Jwt@cbf168d8, Credentials=[PROTECTED], Authenticated=true, Details=WebAuthenticationDetails [RemoteIpAddress=127.0.0.1, SessionId=null], Granted Authorities=[ROLE_REGISTRAR_HEAD, FactorGrantedAuthority [authority=FACTOR_BEARER, issuedAt=2026-06-10T16:21:29.475746470Z]]]
2026-06-10T19:21:29.476+03:00 DEBUG 29097 --- [http-nio-8085-exec-5] o.s.security.web.FilterChainProxy        : Secured POST /api/students
2026-06-10T19:21:29.477+03:00 DEBUG 29097 --- [http-nio-8085-exec-5] horizationManagerBeforeMethodInterceptor : Authorizing method invocation ReflectiveMethodInvocation: public org.springframework.http.ResponseEntity com.project1.sms.controller.StudentController.studentRegister(com.project1.sms.requestDTO.StudentRequest); target is of class [com.project1.sms.controller.StudentController]
2026-06-10T19:21:29.478+03:00 DEBUG 29097 --- [http-nio-8085-exec-5] horizationManagerBeforeMethodInterceptor : Authorized method invocation ReflectiveMethodInvocation: public org.springframework.http.ResponseEntity com.project1.sms.controller.StudentController.studentRegister(com.project1.sms.requestDTO.StudentRequest); target is of class [com.project1.sms.controller.StudentController]
2026-06-10T19:21:29.484+03:00  WARN 29097 --- [http-nio-8085-exec-5] .m.m.a.ExceptionHandlerExceptionResolver : Resolved [org.springframework.dao.IncorrectResultSizeDataAccessException: Query did not return a unique result: 2 results were returned]
2026-06-10T19:21:43.789+03:00 DEBUG 29097 --- [http-nio-8085-exec-6] o.s.security.web.FilterChainProxy        : Securing POST /api/students
2026-06-10T19:21:43.792+03:00 DEBUG 29097 --- [http-nio-8085-exec-6] o.s.s.o.s.r.a.JwtAuthenticationProvider  : Authenticated token
2026-06-10T19:21:43.792+03:00 DEBUG 29097 --- [http-nio-8085-exec-6] .s.r.w.a.BearerTokenAuthenticationFilter : Set SecurityContextHolder to JwtAuthenticationToken [Principal=org.springframework.security.oauth2.jwt.Jwt@cbf168d8, Credentials=[PROTECTED], Authenticated=true, Details=WebAuthenticationDetails [RemoteIpAddress=127.0.0.1, SessionId=null], Granted Authorities=[FactorGrantedAuthority [authority=FACTOR_BEARER, issuedAt=2026-06-10T16:21:43.792287268Z], ROLE_REGISTRAR_HEAD]]
2026-06-10T19:21:43.793+03:00 DEBUG 29097 --- [http-nio-8085-exec-6] o.s.security.web.FilterChainProxy        : Secured POST /api/students
2026-06-10T19:21:43.795+03:00 DEBUG 29097 --- [http-nio-8085-exec-6] horizationManagerBeforeMethodInterceptor : Authorizing method invocation ReflectiveMethodInvocation: public org.springframework.http.ResponseEntity com.project1.sms.controller.StudentController.studentRegister(com.project1.sms.requestDTO.StudentRequest); target is of class [com.project1.sms.controller.StudentController]
2026-06-10T19:21:43.796+03:00 DEBUG 29097 --- [http-nio-8085-exec-6] horizationManagerBeforeMethodInterceptor : Authorized method invocation ReflectiveMethodInvocation: public org.springframework.http.ResponseEntity com.project1.sms.controller.StudentController.studentRegister(com.project1.sms.requestDTO.StudentRequest); target is of class [com.project1.sms.controller.StudentController]
2026-06-10T19:21:43.825+03:00  WARN 29097 --- [http-nio-8085-exec-6] .m.m.a.ExceptionHandlerExceptionResolver : Resolved [org.springframework.dao.IncorrectResultSizeDataAccessException: Query did not return a unique result: 2 results were returned]
2026-06-10T19:21:45.679+03:00 DEBUG 29097 --- [http-nio-8085-exec-7] o.s.security.web.FilterChainProxy        : Securing POST /api/students
2026-06-10T19:21:45.681+03:00 DEBUG 29097 --- [http-nio-8085-exec-7] o.s.s.o.s.r.a.JwtAuthenticationProvider  : Authenticated token
2026-06-10T19:21:45.682+03:00 DEBUG 29097 --- [http-nio-8085-exec-7] .s.r.w.a.BearerTokenAuthenticationFilter : Set SecurityContextHolder to JwtAuthenticationToken [Principal=org.springframework.security.oauth2.jwt.Jwt@cbf168d8, Credentials=[PROTECTED], Authenticated=true, Details=WebAuthenticationDetails [RemoteIpAddress=127.0.0.1, SessionId=null], Granted Authorities=[FactorGrantedAuthority [authority=FACTOR_BEARER, issuedAt=2026-06-10T16:21:45.681697896Z], ROLE_REGISTRAR_HEAD]]
2026-06-10T19:21:45.682+03:00 DEBUG 29097 --- [http-nio-8085-exec-7] o.s.security.web.FilterChainProxy        : Secured POST /api/students
2026-06-10T19:21:45.683+03:00 DEBUG 29097 --- [http-nio-8085-exec-7] horizationManagerBeforeMethodInterceptor : Authorizing method invocation ReflectiveMethodInvocation: public org.springframework.http.ResponseEntity com.project1.sms.controller.StudentController.studentRegister(com.project1.sms.requestDTO.StudentRequest); target is of class [com.project1.sms.controller.StudentController]
2026-06-10T19:21:45.684+03:00 DEBUG 29097 --- [http-nio-8085-exec-7] horizationManagerBeforeMethodInterceptor : Authorized method invocation ReflectiveMethodInvocation: public org.springframework.http.ResponseEntity com.project1.sms.controller.StudentController.studentRegister(com.project1.sms.requestDTO.StudentRequest); target is of class [com.project1.sms.controller.StudentController]
2026-06-10T19:21:45.695+03:00  WARN 29097 --- [http-nio-8085-exec-7] .m.m.a.ExceptionHandlerExceptionResolver : Resolved [org.springframework.dao.IncorrectResultSizeDataAccessException: Query did not return a unique result: 2 results were returned]
2026-06-10T19:22:27.251+03:00  INFO 29097 --- [SpringApplicationShutdownHook] o.s.boot.tomcat.GracefulShutdown         : Commencing graceful shutdown. Waiting for active requests to complete
2026-06-10T19:22:27.303+03:00  INFO 29097 --- [tomcat-shutdown] o.s.boot.tomcat.GracefulShutdown         : Graceful shutdown complete
2026-06-10T19:22:27.341+03:00  INFO 29097 --- [SpringApplicationShutdownHook] j.LocalContainerEntityManagerFactoryBean : Closing JPA EntityManagerFactory for persistence unit 'default'
2026-06-10T19:22:27.400+03:00  INFO 29097 --- [SpringApplicationShutdownHook] com.zaxxer.hikari.HikariDataSource       : HikariPool-1 - Shutdown initiated...
2026-06-10T19:22:27.421+03:00  INFO 29097 --- [SpringApplicationShutdownHook] com.zaxxer.hikari.HikariDataSource       : HikariPool-1 - Shutdown completed.
2026-06-10T19:22:59.585+03:00  INFO 29387 --- [restartedMain] com.project1.sms.SmsApplication          : Starting SmsApplication using Java 26.0.1 with PID 29387 (/home/zioncd/IdeaProjects/sms/target/classes started by zioncd in /home/zioncd/IdeaProjects/sms)
2026-06-10T19:22:59.588+03:00  INFO 29387 --- [restartedMain] com.project1.sms.SmsApplication          : The following 1 profile is active: "dev"
2026-06-10T19:22:59.810+03:00  INFO 29387 --- [restartedMain] .e.DevToolsPropertyDefaultsPostProcessor : Devtools property defaults active! Set 'spring.devtools.add-properties' to 'false' to disable
2026-06-10T19:22:59.810+03:00  INFO 29387 --- [restartedMain] .e.DevToolsPropertyDefaultsPostProcessor : For additional web related logging consider setting the 'logging.level.web' property to 'DEBUG'
2026-06-10T19:22:59.887+03:00  INFO 29387 --- [restartedMain] .s.b.d.c.l.DockerComposeLifecycleManager : Using Docker Compose file /home/zioncd/IdeaProjects/sms/compose.yaml
2026-06-10T19:23:21.196+03:00  INFO 29508 --- [restartedMain] com.project1.sms.SmsApplication          : Starting SmsApplication using Java 26.0.1 with PID 29508 (/home/zioncd/IdeaProjects/sms/target/classes started by zioncd in /home/zioncd/IdeaProjects/sms)
2026-06-10T19:23:21.203+03:00  INFO 29508 --- [restartedMain] com.project1.sms.SmsApplication          : The following 1 profile is active: "dev"
2026-06-10T19:23:21.376+03:00  INFO 29508 --- [restartedMain] .e.DevToolsPropertyDefaultsPostProcessor : Devtools property defaults active! Set 'spring.devtools.add-properties' to 'false' to disable
2026-06-10T19:23:21.378+03:00  INFO 29508 --- [restartedMain] .e.DevToolsPropertyDefaultsPostProcessor : For additional web related logging consider setting the 'logging.level.web' property to 'DEBUG'
2026-06-10T19:23:21.410+03:00  INFO 29508 --- [restartedMain] .s.b.d.c.l.DockerComposeLifecycleManager : Using Docker Compose file /home/zioncd/IdeaProjects/sms/compose.yaml
2026-06-10T19:23:24.851+03:00  INFO 29508 --- [restartedMain] .s.b.d.c.l.DockerComposeLifecycleManager : There are already Docker Compose services running, skipping startup
2026-06-10T19:23:31.672+03:00  INFO 29508 --- [restartedMain] .s.d.r.c.RepositoryConfigurationDelegate : Bootstrapping Spring Data JPA repositories in DEFAULT mode.
2026-06-10T19:23:31.971+03:00  INFO 29508 --- [restartedMain] .s.d.r.c.RepositoryConfigurationDelegate : Finished Spring Data repository scanning in 135 ms. Found 23 JPA repository interfaces.
2026-06-10T19:23:35.091+03:00  INFO 29508 --- [restartedMain] o.s.boot.tomcat.TomcatWebServer          : Tomcat initialized with port 8085 (http)
2026-06-10T19:23:35.109+03:00  INFO 29508 --- [restartedMain] o.apache.catalina.core.StandardService   : Starting service [Tomcat]
2026-06-10T19:23:35.109+03:00  INFO 29508 --- [restartedMain] o.apache.catalina.core.StandardEngine    : Starting Servlet engine: [Apache Tomcat/11.0.20]
2026-06-10T19:23:35.146+03:00  INFO 29508 --- [restartedMain] b.w.c.s.WebApplicationContextInitializer : Root WebApplicationContext: initialization completed in 10265 ms
2026-06-10T19:23:35.892+03:00  INFO 29508 --- [restartedMain] org.hibernate.orm.jpa                    : HHH008540: Processing PersistenceUnitInfo [name: default]
2026-06-10T19:23:36.067+03:00  INFO 29508 --- [restartedMain] org.hibernate.orm.core                   : HHH000001: Hibernate ORM core version 7.2.7.Final
2026-06-10T19:23:36.877+03:00  INFO 29508 --- [restartedMain] o.s.o.j.p.SpringPersistenceUnitInfo      : No LoadTimeWeaver setup: ignoring JPA class transformer
2026-06-10T19:23:36.949+03:00  INFO 29508 --- [restartedMain] com.zaxxer.hikari.HikariDataSource       : HikariPool-1 - Starting...
2026-06-10T19:23:37.370+03:00  INFO 29508 --- [restartedMain] com.zaxxer.hikari.pool.HikariPool        : HikariPool-1 - Added connection org.postgresql.jdbc.PgConnection@7962064e
2026-06-10T19:23:37.372+03:00  INFO 29508 --- [restartedMain] com.zaxxer.hikari.HikariDataSource       : HikariPool-1 - Start completed.
2026-06-10T19:23:37.440+03:00  WARN 29508 --- [restartedMain] org.hibernate.orm.deprecation            : HHH90000025: PostgreSQLDialect does not need to be specified explicitly using 'hibernate.dialect' (remove the property setting and it will be selected by default)
2026-06-10T19:23:37.464+03:00  INFO 29508 --- [restartedMain] org.hibernate.orm.connections.pooling    : HHH10001005: Database info:
	Database JDBC URL [jdbc:postgresql://127.0.0.1:5433/sms]
	Database driver: PostgreSQL JDBC Driver
	Database dialect: PostgreSQLDialect
	Database version: 16.1
	Default catalog/schema: sms/public
	Autocommit mode: undefined/unknown
	Isolation level: READ_COMMITTED [default READ_COMMITTED]
	JDBC fetch size: none
	Pool: DataSourceConnectionProvider
	Minimum pool size: undefined/unknown
	Maximum pool size: undefined/unknown
2026-06-10T19:23:43.786+03:00  INFO 29508 --- [restartedMain] org.hibernate.orm.core                   : HHH000489: No JTA platform available (set 'hibernate.transaction.jta.platform' to enable JTA platform integration)
2026-06-10T19:23:43.917+03:00  INFO 29508 --- [restartedMain] j.LocalContainerEntityManagerFactoryBean : Initialized JPA EntityManagerFactory for persistence unit 'default'
2026-06-10T19:23:44.228+03:00  INFO 29508 --- [restartedMain] o.s.d.j.r.query.QueryEnhancerFactories   : Hibernate is in classpath; If applicable, HQL parser will be used.
2026-06-10T19:23:45.950+03:00  INFO 29508 --- [restartedMain] eAuthenticationProviderManagerConfigurer : Global AuthenticationManager configured with AuthenticationProvider bean with name authenticationProvider
2026-06-10T19:23:45.951+03:00  WARN 29508 --- [restartedMain] r$InitializeUserDetailsManagerConfigurer : Global AuthenticationManager configured with an AuthenticationProvider bean. UserDetailsService beans will not be used by Spring Security for automatically configuring username/password login. Consider removing the AuthenticationProvider bean. Alternatively, consider using the UserDetailsService in a manually instantiated DaoAuthenticationProvider. If the current configuration is intentional, to turn off this warning, increase the logging level of 'org.springframework.security.config.annotation.authentication.configuration.InitializeUserDetailsBeanManagerConfigurer' to ERROR
2026-06-10T19:23:50.727+03:00  WARN 29508 --- [restartedMain] s.w.s.m.m.a.RequestMappingHandlerMapping : Multiple @RequestMapping annotations found on public org.springframework.http.ResponseEntity com.project1.sms.controller.ProgramController.getAllProgram(), but only the first will be used: [@org.springframework.web.bind.annotation.GetMapping(consumes={}, headers={}, name="", params={}, path={}, produces={}, value={}, version=""), @org.springframework.web.bind.annotation.PostMapping(consumes={}, headers={}, name="", params={}, path={}, produces={}, value={}, version="")]
2026-06-10T19:23:50.909+03:00 DEBUG 29508 --- [restartedMain] o.s.s.web.DefaultSecurityFilterChain     : Will secure any request with filters: DisableEncodeUrlFilter, WebAsyncManagerIntegrationFilter, SecurityContextHolderFilter, HeaderWriterFilter, CorsFilter, LogoutFilter, OAuth2ProtectedResourceMetadataFilter, BearerTokenAuthenticationFilter, AuthenticationFilter, RequestCacheAwareFilter, SecurityContextHolderAwareRequestFilter, AnonymousAuthenticationFilter, SessionManagementFilter, ExceptionTranslationFilter, AuthorizationFilter
2026-06-10T19:23:51.957+03:00  INFO 29508 --- [restartedMain] o.s.boot.tomcat.TomcatWebServer          : Tomcat started on port 8085 (http) with context path '/'
2026-06-10T19:23:51.965+03:00  INFO 29508 --- [restartedMain] com.project1.sms.SmsApplication          : Started SmsApplication in 33.13 seconds (process running for 36.272)
2026-06-10T19:24:04.972+03:00  INFO 29508 --- [http-nio-8085-exec-1] o.a.c.c.C.[Tomcat].[localhost].[/]       : Initializing Spring DispatcherServlet 'dispatcherServlet'
2026-06-10T19:24:04.972+03:00  INFO 29508 --- [http-nio-8085-exec-1] o.s.web.servlet.DispatcherServlet        : Initializing Servlet 'dispatcherServlet'
2026-06-10T19:24:04.974+03:00  INFO 29508 --- [http-nio-8085-exec-1] o.s.web.servlet.DispatcherServlet        : Completed initialization in 2 ms
2026-06-10T19:24:05.366+03:00 DEBUG 29508 --- [http-nio-8085-exec-1] o.s.security.web.FilterChainProxy        : Securing GET /api/programs
2026-06-10T19:24:05.771+03:00  WARN 29508 --- [http-nio-8085-exec-1] o.s.w.s.h.HandlerMappingIntrospector     : Cache miss for REQUEST dispatch to '/api/programs' (previous null). Performing CorsConfiguration lookup. This is logged once only at WARN level, and every time at TRACE.
2026-06-10T19:24:06.735+03:00 DEBUG 29508 --- [http-nio-8085-exec-1] o.s.s.o.s.r.a.JwtAuthenticationProvider  : Authenticated token
2026-06-10T19:24:06.737+03:00 DEBUG 29508 --- [http-nio-8085-exec-1] .s.r.w.a.BearerTokenAuthenticationFilter : Set SecurityContextHolder to JwtAuthenticationToken [Principal=org.springframework.security.oauth2.jwt.Jwt@cbf168d8, Credentials=[PROTECTED], Authenticated=true, Details=WebAuthenticationDetails [RemoteIpAddress=127.0.0.1, SessionId=null], Granted Authorities=[FactorGrantedAuthority [authority=FACTOR_BEARER, issuedAt=2026-06-10T16:24:06.728643539Z], ROLE_REGISTRAR_HEAD]]
2026-06-10T19:24:06.741+03:00 DEBUG 29508 --- [http-nio-8085-exec-1] o.s.security.web.FilterChainProxy        : Secured GET /api/programs
2026-06-10T19:24:06.837+03:00 DEBUG 29508 --- [http-nio-8085-exec-1] horizationManagerBeforeMethodInterceptor : Authorizing method invocation ReflectiveMethodInvocation: public org.springframework.http.ResponseEntity com.project1.sms.controller.ProgramController.getAllProgram(); target is of class [com.project1.sms.controller.ProgramController]
2026-06-10T19:24:06.884+03:00 DEBUG 29508 --- [http-nio-8085-exec-1] horizationManagerBeforeMethodInterceptor : Authorized method invocation ReflectiveMethodInvocation: public org.springframework.http.ResponseEntity com.project1.sms.controller.ProgramController.getAllProgram(); target is of class [com.project1.sms.controller.ProgramController]
2026-06-10T19:28:15.510+03:00  INFO 29508 --- [SpringApplicationShutdownHook] o.s.boot.tomcat.GracefulShutdown         : Commencing graceful shutdown. Waiting for active requests to complete
2026-06-10T19:28:15.879+03:00  INFO 29508 --- [tomcat-shutdown] o.s.boot.tomcat.GracefulShutdown         : Graceful shutdown complete
2026-06-10T19:28:15.984+03:00  INFO 29508 --- [SpringApplicationShutdownHook] j.LocalContainerEntityManagerFactoryBean : Closing JPA EntityManagerFactory for persistence unit 'default'
2026-06-10T19:28:16.132+03:00  INFO 29508 --- [SpringApplicationShutdownHook] com.zaxxer.hikari.HikariDataSource       : HikariPool-1 - Shutdown initiated...
2026-06-10T19:28:16.145+03:00  INFO 29508 --- [SpringApplicationShutdownHook] com.zaxxer.hikari.HikariDataSource       : HikariPool-1 - Shutdown completed.
2026-06-10T19:28:37.838+03:00  INFO 29792 --- [restartedMain] com.project1.sms.SmsApplication          : Starting SmsApplication using Java 26.0.1 with PID 29792 (/home/zioncd/IdeaProjects/sms/target/classes started by zioncd in /home/zioncd/IdeaProjects/sms)
2026-06-10T19:28:37.841+03:00  INFO 29792 --- [restartedMain] com.project1.sms.SmsApplication          : The following 1 profile is active: "dev"
2026-06-10T19:28:38.335+03:00  INFO 29792 --- [restartedMain] .e.DevToolsPropertyDefaultsPostProcessor : Devtools property defaults active! Set 'spring.devtools.add-properties' to 'false' to disable
2026-06-10T19:28:38.336+03:00  INFO 29792 --- [restartedMain] .e.DevToolsPropertyDefaultsPostProcessor : For additional web related logging consider setting the 'logging.level.web' property to 'DEBUG'
2026-06-10T19:28:38.387+03:00  INFO 29792 --- [restartedMain] .s.b.d.c.l.DockerComposeLifecycleManager : Using Docker Compose file /home/zioncd/IdeaProjects/sms/compose.yaml
2026-06-10T19:28:44.277+03:00  INFO 29792 --- [restartedMain] .s.b.d.c.l.DockerComposeLifecycleManager : There are already Docker Compose services running, skipping startup
2026-06-10T19:28:46.457+03:00  INFO 29792 --- [restartedMain] .s.d.r.c.RepositoryConfigurationDelegate : Bootstrapping Spring Data JPA repositories in DEFAULT mode.
2026-06-10T19:28:46.625+03:00  INFO 29792 --- [restartedMain] .s.d.r.c.RepositoryConfigurationDelegate : Finished Spring Data repository scanning in 145 ms. Found 23 JPA repository interfaces.
2026-06-10T19:28:48.770+03:00  INFO 29792 --- [restartedMain] o.s.boot.tomcat.TomcatWebServer          : Tomcat initialized with port 8085 (http)
2026-06-10T19:28:48.789+03:00  INFO 29792 --- [restartedMain] o.apache.catalina.core.StandardService   : Starting service [Tomcat]
2026-06-10T19:28:48.789+03:00  INFO 29792 --- [restartedMain] o.apache.catalina.core.StandardEngine    : Starting Servlet engine: [Apache Tomcat/11.0.20]
2026-06-10T19:28:48.846+03:00  INFO 29792 --- [restartedMain] b.w.c.s.WebApplicationContextInitializer : Root WebApplicationContext: initialization completed in 4560 ms
2026-06-10T19:28:49.353+03:00  INFO 29792 --- [restartedMain] org.hibernate.orm.jpa                    : HHH008540: Processing PersistenceUnitInfo [name: default]
2026-06-10T19:28:49.634+03:00  INFO 29792 --- [restartedMain] org.hibernate.orm.core                   : HHH000001: Hibernate ORM core version 7.2.7.Final
2026-06-10T19:28:50.259+03:00  INFO 29792 --- [restartedMain] o.s.o.j.p.SpringPersistenceUnitInfo      : No LoadTimeWeaver setup: ignoring JPA class transformer
2026-06-10T19:28:50.334+03:00  INFO 29792 --- [restartedMain] com.zaxxer.hikari.HikariDataSource       : HikariPool-1 - Starting...
2026-06-10T19:28:50.804+03:00  INFO 29792 --- [restartedMain] com.zaxxer.hikari.pool.HikariPool        : HikariPool-1 - Added connection org.postgresql.jdbc.PgConnection@126cf5b4
2026-06-10T19:28:50.805+03:00  INFO 29792 --- [restartedMain] com.zaxxer.hikari.HikariDataSource       : HikariPool-1 - Start completed.
2026-06-10T19:28:50.837+03:00  WARN 29792 --- [restartedMain] org.hibernate.orm.deprecation            : HHH90000025: PostgreSQLDialect does not need to be specified explicitly using 'hibernate.dialect' (remove the property setting and it will be selected by default)
2026-06-10T19:28:50.861+03:00  INFO 29792 --- [restartedMain] org.hibernate.orm.connections.pooling    : HHH10001005: Database info:
	Database JDBC URL [jdbc:postgresql://127.0.0.1:5433/sms]
	Database driver: PostgreSQL JDBC Driver
	Database dialect: PostgreSQLDialect
	Database version: 16.1
	Default catalog/schema: sms/public
	Autocommit mode: undefined/unknown
	Isolation level: READ_COMMITTED [default READ_COMMITTED]
	JDBC fetch size: none
	Pool: DataSourceConnectionProvider
	Minimum pool size: undefined/unknown
	Maximum pool size: undefined/unknown
2026-06-10T19:28:53.022+03:00  INFO 29792 --- [restartedMain] org.hibernate.orm.core                   : HHH000489: No JTA platform available (set 'hibernate.transaction.jta.platform' to enable JTA platform integration)
2026-06-10T19:28:53.125+03:00  INFO 29792 --- [restartedMain] j.LocalContainerEntityManagerFactoryBean : Initialized JPA EntityManagerFactory for persistence unit 'default'
2026-06-10T19:28:53.405+03:00  INFO 29792 --- [restartedMain] o.s.d.j.r.query.QueryEnhancerFactories   : Hibernate is in classpath; If applicable, HQL parser will be used.
2026-06-10T19:28:55.504+03:00  INFO 29792 --- [restartedMain] eAuthenticationProviderManagerConfigurer : Global AuthenticationManager configured with AuthenticationProvider bean with name authenticationProvider
2026-06-10T19:28:55.505+03:00  WARN 29792 --- [restartedMain] r$InitializeUserDetailsManagerConfigurer : Global AuthenticationManager configured with an AuthenticationProvider bean. UserDetailsService beans will not be used by Spring Security for automatically configuring username/password login. Consider removing the AuthenticationProvider bean. Alternatively, consider using the UserDetailsService in a manually instantiated DaoAuthenticationProvider. If the current configuration is intentional, to turn off this warning, increase the logging level of 'org.springframework.security.config.annotation.authentication.configuration.InitializeUserDetailsBeanManagerConfigurer' to ERROR
2026-06-10T19:28:59.746+03:00  WARN 29792 --- [restartedMain] s.w.s.m.m.a.RequestMappingHandlerMapping : Multiple @RequestMapping annotations found on public org.springframework.http.ResponseEntity com.project1.sms.controller.ProgramController.getAllProgram(), but only the first will be used: [@org.springframework.web.bind.annotation.GetMapping(consumes={}, headers={}, name="", params={}, path={}, produces={}, value={}, version=""), @org.springframework.web.bind.annotation.PostMapping(consumes={}, headers={}, name="", params={}, path={}, produces={}, value={}, version="")]
2026-06-10T19:29:00.009+03:00 DEBUG 29792 --- [restartedMain] o.s.s.web.DefaultSecurityFilterChain     : Will secure any request with filters: DisableEncodeUrlFilter, WebAsyncManagerIntegrationFilter, SecurityContextHolderFilter, HeaderWriterFilter, CorsFilter, LogoutFilter, OAuth2ProtectedResourceMetadataFilter, BearerTokenAuthenticationFilter, AuthenticationFilter, RequestCacheAwareFilter, SecurityContextHolderAwareRequestFilter, AnonymousAuthenticationFilter, SessionManagementFilter, ExceptionTranslationFilter, AuthorizationFilter
2026-06-10T19:29:00.842+03:00  INFO 29792 --- [restartedMain] o.s.boot.tomcat.TomcatWebServer          : Tomcat started on port 8085 (http) with context path '/'
2026-06-10T19:29:00.850+03:00  INFO 29792 --- [restartedMain] com.project1.sms.SmsApplication          : Started SmsApplication in 26.677 seconds (process running for 33.312)
2026-06-10T19:30:30.935+03:00  INFO 29792 --- [http-nio-8085-exec-1] o.a.c.c.C.[Tomcat].[localhost].[/]       : Initializing Spring DispatcherServlet 'dispatcherServlet'
2026-06-10T19:30:30.936+03:00  INFO 29792 --- [http-nio-8085-exec-1] o.s.web.servlet.DispatcherServlet        : Initializing Servlet 'dispatcherServlet'
2026-06-10T19:30:30.938+03:00  INFO 29792 --- [http-nio-8085-exec-1] o.s.web.servlet.DispatcherServlet        : Completed initialization in 2 ms
2026-06-10T19:30:31.808+03:00 DEBUG 29792 --- [http-nio-8085-exec-1] o.s.security.web.FilterChainProxy        : Securing POST /api/students
2026-06-10T19:30:32.197+03:00  WARN 29792 --- [http-nio-8085-exec-1] o.s.w.s.h.HandlerMappingIntrospector     : Cache miss for REQUEST dispatch to '/api/students' (previous null). Performing CorsConfiguration lookup. This is logged once only at WARN level, and every time at TRACE.
2026-06-10T19:30:32.494+03:00 DEBUG 29792 --- [http-nio-8085-exec-1] o.s.s.o.s.r.a.JwtAuthenticationProvider  : Authenticated token
2026-06-10T19:30:32.495+03:00 DEBUG 29792 --- [http-nio-8085-exec-1] .s.r.w.a.BearerTokenAuthenticationFilter : Set SecurityContextHolder to JwtAuthenticationToken [Principal=org.springframework.security.oauth2.jwt.Jwt@cbf168d8, Credentials=[PROTECTED], Authenticated=true, Details=WebAuthenticationDetails [RemoteIpAddress=127.0.0.1, SessionId=null], Granted Authorities=[FactorGrantedAuthority [authority=FACTOR_BEARER, issuedAt=2026-06-10T16:30:32.484649406Z], ROLE_REGISTRAR_HEAD]]
2026-06-10T19:30:32.499+03:00 DEBUG 29792 --- [http-nio-8085-exec-1] o.s.security.web.FilterChainProxy        : Secured POST /api/students
2026-06-10T19:30:32.994+03:00 DEBUG 29792 --- [http-nio-8085-exec-1] horizationManagerBeforeMethodInterceptor : Authorizing method invocation ReflectiveMethodInvocation: public org.springframework.http.ResponseEntity com.project1.sms.controller.StudentController.studentRegister(com.project1.sms.requestDTO.StudentRequest); target is of class [com.project1.sms.controller.StudentController]
2026-06-10T19:30:33.082+03:00 DEBUG 29792 --- [http-nio-8085-exec-1] horizationManagerBeforeMethodInterceptor : Authorized method invocation ReflectiveMethodInvocation: public org.springframework.http.ResponseEntity com.project1.sms.controller.StudentController.studentRegister(com.project1.sms.requestDTO.StudentRequest); target is of class [com.project1.sms.controller.StudentController]
2026-06-10T19:30:33.935+03:00  WARN 29792 --- [http-nio-8085-exec-1] .m.m.a.ExceptionHandlerExceptionResolver : Resolved [com.project1.sms.apiException.ResourceNotFoundException: department is not found]
2026-06-10T19:30:53.082+03:00 DEBUG 29792 --- [http-nio-8085-exec-2] o.s.security.web.FilterChainProxy        : Securing POST /api/students
2026-06-10T19:30:53.084+03:00 DEBUG 29792 --- [http-nio-8085-exec-2] o.s.s.o.s.r.a.JwtAuthenticationProvider  : Authenticated token
2026-06-10T19:30:53.085+03:00 DEBUG 29792 --- [http-nio-8085-exec-2] .s.r.w.a.BearerTokenAuthenticationFilter : Set SecurityContextHolder to JwtAuthenticationToken [Principal=org.springframework.security.oauth2.jwt.Jwt@cbf168d8, Credentials=[PROTECTED], Authenticated=true, Details=WebAuthenticationDetails [RemoteIpAddress=127.0.0.1, SessionId=null], Granted Authorities=[FactorGrantedAuthority [authority=FACTOR_BEARER, issuedAt=2026-06-10T16:30:53.084877572Z], ROLE_REGISTRAR_HEAD]]
2026-06-10T19:30:53.085+03:00 DEBUG 29792 --- [http-nio-8085-exec-2] o.s.security.web.FilterChainProxy        : Secured POST /api/students
2026-06-10T19:30:53.088+03:00 DEBUG 29792 --- [http-nio-8085-exec-2] horizationManagerBeforeMethodInterceptor : Authorizing method invocation ReflectiveMethodInvocation: public org.springframework.http.ResponseEntity com.project1.sms.controller.StudentController.studentRegister(com.project1.sms.requestDTO.StudentRequest); target is of class [com.project1.sms.controller.StudentController]
2026-06-10T19:30:53.089+03:00 DEBUG 29792 --- [http-nio-8085-exec-2] horizationManagerBeforeMethodInterceptor : Authorized method invocation ReflectiveMethodInvocation: public org.springframework.http.ResponseEntity com.project1.sms.controller.StudentController.studentRegister(com.project1.sms.requestDTO.StudentRequest); target is of class [com.project1.sms.controller.StudentController]
2026-06-10T19:30:53.126+03:00  WARN 29792 --- [http-nio-8085-exec-2] .m.m.a.ExceptionHandlerExceptionResolver : Resolved [com.project1.sms.apiException.ResourceNotFoundException: department is not found]
2026-06-10T19:31:19.525+03:00 DEBUG 29792 --- [http-nio-8085-exec-3] o.s.security.web.FilterChainProxy        : Securing GET /api/departments
2026-06-10T19:31:19.546+03:00 DEBUG 29792 --- [http-nio-8085-exec-3] o.s.s.o.s.r.a.JwtAuthenticationProvider  : Authenticated token
2026-06-10T19:31:19.546+03:00 DEBUG 29792 --- [http-nio-8085-exec-3] .s.r.w.a.BearerTokenAuthenticationFilter : Set SecurityContextHolder to JwtAuthenticationToken [Principal=org.springframework.security.oauth2.jwt.Jwt@cbf168d8, Credentials=[PROTECTED], Authenticated=true, Details=WebAuthenticationDetails [RemoteIpAddress=127.0.0.1, SessionId=null], Granted Authorities=[ROLE_REGISTRAR_HEAD, FactorGrantedAuthority [authority=FACTOR_BEARER, issuedAt=2026-06-10T16:31:19.546199733Z]]]
2026-06-10T19:31:19.547+03:00 DEBUG 29792 --- [http-nio-8085-exec-3] o.s.security.web.FilterChainProxy        : Secured GET /api/departments
2026-06-10T19:31:19.549+03:00 DEBUG 29792 --- [http-nio-8085-exec-3] horizationManagerBeforeMethodInterceptor : Authorizing method invocation ReflectiveMethodInvocation: public org.springframework.http.ResponseEntity com.project1.sms.controller.DepartmentController.getDepartments(); target is of class [com.project1.sms.controller.DepartmentController]
2026-06-10T19:31:19.550+03:00 DEBUG 29792 --- [http-nio-8085-exec-3] horizationManagerBeforeMethodInterceptor : Authorized method invocation ReflectiveMethodInvocation: public org.springframework.http.ResponseEntity com.project1.sms.controller.DepartmentController.getDepartments(); target is of class [com.project1.sms.controller.DepartmentController]
2026-06-10T19:31:58.720+03:00 DEBUG 29792 --- [http-nio-8085-exec-6] o.s.security.web.FilterChainProxy        : Securing POST /api/students
2026-06-10T19:31:58.745+03:00 DEBUG 29792 --- [http-nio-8085-exec-6] o.s.s.o.s.r.a.JwtAuthenticationProvider  : Authenticated token
2026-06-10T19:31:58.745+03:00 DEBUG 29792 --- [http-nio-8085-exec-6] .s.r.w.a.BearerTokenAuthenticationFilter : Set SecurityContextHolder to JwtAuthenticationToken [Principal=org.springframework.security.oauth2.jwt.Jwt@cbf168d8, Credentials=[PROTECTED], Authenticated=true, Details=WebAuthenticationDetails [RemoteIpAddress=127.0.0.1, SessionId=null], Granted Authorities=[FactorGrantedAuthority [authority=FACTOR_BEARER, issuedAt=2026-06-10T16:31:58.745493654Z], ROLE_REGISTRAR_HEAD]]
2026-06-10T19:31:58.746+03:00 DEBUG 29792 --- [http-nio-8085-exec-6] o.s.security.web.FilterChainProxy        : Secured POST /api/students
2026-06-10T19:31:58.749+03:00 DEBUG 29792 --- [http-nio-8085-exec-6] horizationManagerBeforeMethodInterceptor : Authorizing method invocation ReflectiveMethodInvocation: public org.springframework.http.ResponseEntity com.project1.sms.controller.StudentController.studentRegister(com.project1.sms.requestDTO.StudentRequest); target is of class [com.project1.sms.controller.StudentController]
2026-06-10T19:31:58.750+03:00 DEBUG 29792 --- [http-nio-8085-exec-6] horizationManagerBeforeMethodInterceptor : Authorized method invocation ReflectiveMethodInvocation: public org.springframework.http.ResponseEntity com.project1.sms.controller.StudentController.studentRegister(com.project1.sms.requestDTO.StudentRequest); target is of class [com.project1.sms.controller.StudentController]
2026-06-10T19:31:58.770+03:00  WARN 29792 --- [http-nio-8085-exec-6] .m.m.a.ExceptionHandlerExceptionResolver : Resolved [com.project1.sms.apiException.ResourceNotFoundException: section is not found]
2026-06-10T19:33:33.136+03:00 DEBUG 29792 --- [http-nio-8085-exec-9] o.s.security.web.FilterChainProxy        : Securing GET /api/Programs
2026-06-10T19:33:33.183+03:00 DEBUG 29792 --- [http-nio-8085-exec-9] o.s.s.o.s.r.a.JwtAuthenticationProvider  : Authenticated token
2026-06-10T19:33:33.186+03:00 DEBUG 29792 --- [http-nio-8085-exec-9] .s.r.w.a.BearerTokenAuthenticationFilter : Set SecurityContextHolder to JwtAuthenticationToken [Principal=org.springframework.security.oauth2.jwt.Jwt@cbf168d8, Credentials=[PROTECTED], Authenticated=true, Details=WebAuthenticationDetails [RemoteIpAddress=127.0.0.1, SessionId=null], Granted Authorities=[FactorGrantedAuthority [authority=FACTOR_BEARER, issuedAt=2026-06-10T16:33:33.183966496Z], ROLE_REGISTRAR_HEAD]]
2026-06-10T19:33:33.188+03:00 DEBUG 29792 --- [http-nio-8085-exec-9] o.s.security.web.FilterChainProxy        : Secured GET /api/Programs
2026-06-10T19:33:33.216+03:00  WARN 29792 --- [http-nio-8085-exec-9] .m.m.a.ExceptionHandlerExceptionResolver : Resolved [org.springframework.web.servlet.resource.NoResourceFoundException: No static resource api/Programs for request '/api/Programs'.]
2026-06-10T19:34:00.338+03:00 DEBUG 29792 --- [http-nio-8085-exec-10] o.s.security.web.FilterChainProxy        : Securing GET /api/programs
2026-06-10T19:34:00.340+03:00 DEBUG 29792 --- [http-nio-8085-exec-10] o.s.s.o.s.r.a.JwtAuthenticationProvider  : Authenticated token
2026-06-10T19:34:00.340+03:00 DEBUG 29792 --- [http-nio-8085-exec-10] .s.r.w.a.BearerTokenAuthenticationFilter : Set SecurityContextHolder to JwtAuthenticationToken [Principal=org.springframework.security.oauth2.jwt.Jwt@cbf168d8, Credentials=[PROTECTED], Authenticated=true, Details=WebAuthenticationDetails [RemoteIpAddress=127.0.0.1, SessionId=null], Granted Authorities=[ROLE_REGISTRAR_HEAD, FactorGrantedAuthority [authority=FACTOR_BEARER, issuedAt=2026-06-10T16:34:00.340490581Z]]]
2026-06-10T19:34:00.341+03:00 DEBUG 29792 --- [http-nio-8085-exec-10] o.s.security.web.FilterChainProxy        : Secured GET /api/programs
2026-06-10T19:34:00.341+03:00 DEBUG 29792 --- [http-nio-8085-exec-10] horizationManagerBeforeMethodInterceptor : Authorizing method invocation ReflectiveMethodInvocation: public org.springframework.http.ResponseEntity com.project1.sms.controller.ProgramController.getAllProgram(); target is of class [com.project1.sms.controller.ProgramController]
2026-06-10T19:34:00.342+03:00 DEBUG 29792 --- [http-nio-8085-exec-10] horizationManagerBeforeMethodInterceptor : Authorized method invocation ReflectiveMethodInvocation: public org.springframework.http.ResponseEntity com.project1.sms.controller.ProgramController.getAllProgram(); target is of class [com.project1.sms.controller.ProgramController]
2026-06-10T19:34:36.149+03:00 DEBUG 29792 --- [http-nio-8085-exec-1] o.s.security.web.FilterChainProxy        : Securing GET /api/department
2026-06-10T19:34:36.158+03:00 DEBUG 29792 --- [http-nio-8085-exec-1] o.s.s.o.s.r.a.JwtAuthenticationProvider  : Authenticated token
2026-06-10T19:34:36.159+03:00 DEBUG 29792 --- [http-nio-8085-exec-1] .s.r.w.a.BearerTokenAuthenticationFilter : Set SecurityContextHolder to JwtAuthenticationToken [Principal=org.springframework.security.oauth2.jwt.Jwt@cbf168d8, Credentials=[PROTECTED], Authenticated=true, Details=WebAuthenticationDetails [RemoteIpAddress=127.0.0.1, SessionId=null], Granted Authorities=[ROLE_REGISTRAR_HEAD, FactorGrantedAuthority [authority=FACTOR_BEARER, issuedAt=2026-06-10T16:34:36.158686964Z]]]
2026-06-10T19:34:36.165+03:00 DEBUG 29792 --- [http-nio-8085-exec-1] o.s.security.web.FilterChainProxy        : Secured GET /api/department
2026-06-10T19:34:36.482+03:00  WARN 29792 --- [http-nio-8085-exec-1] .m.m.a.ExceptionHandlerExceptionResolver : Resolved [org.springframework.web.servlet.resource.NoResourceFoundException: No static resource api/department for request '/api/department'.]
2026-06-10T19:34:51.518+03:00 DEBUG 29792 --- [http-nio-8085-exec-2] o.s.security.web.FilterChainProxy        : Securing GET /api/departments
2026-06-10T19:34:51.522+03:00 DEBUG 29792 --- [http-nio-8085-exec-2] o.s.s.o.s.r.a.JwtAuthenticationProvider  : Authenticated token
2026-06-10T19:34:51.523+03:00 DEBUG 29792 --- [http-nio-8085-exec-2] .s.r.w.a.BearerTokenAuthenticationFilter : Set SecurityContextHolder to JwtAuthenticationToken [Principal=org.springframework.security.oauth2.jwt.Jwt@cbf168d8, Credentials=[PROTECTED], Authenticated=true, Details=WebAuthenticationDetails [RemoteIpAddress=127.0.0.1, SessionId=null], Granted Authorities=[FactorGrantedAuthority [authority=FACTOR_BEARER, issuedAt=2026-06-10T16:34:51.522838795Z], ROLE_REGISTRAR_HEAD]]
2026-06-10T19:34:51.523+03:00 DEBUG 29792 --- [http-nio-8085-exec-2] o.s.security.web.FilterChainProxy        : Secured GET /api/departments
2026-06-10T19:34:51.524+03:00 DEBUG 29792 --- [http-nio-8085-exec-2] horizationManagerBeforeMethodInterceptor : Authorizing method invocation ReflectiveMethodInvocation: public org.springframework.http.ResponseEntity com.project1.sms.controller.DepartmentController.getDepartments(); target is of class [com.project1.sms.controller.DepartmentController]
2026-06-10T19:34:51.525+03:00 DEBUG 29792 --- [http-nio-8085-exec-2] horizationManagerBeforeMethodInterceptor : Authorized method invocation ReflectiveMethodInvocation: public org.springframework.http.ResponseEntity com.project1.sms.controller.DepartmentController.getDepartments(); target is of class [com.project1.sms.controller.DepartmentController]
2026-06-10T19:35:42.951+03:00  INFO 29792 --- [SpringApplicationShutdownHook] o.s.boot.tomcat.GracefulShutdown         : Commencing graceful shutdown. Waiting for active requests to complete
2026-06-10T19:35:43.116+03:00  INFO 29792 --- [tomcat-shutdown] o.s.boot.tomcat.GracefulShutdown         : Graceful shutdown complete
2026-06-10T19:35:43.156+03:00  INFO 29792 --- [SpringApplicationShutdownHook] j.LocalContainerEntityManagerFactoryBean : Closing JPA EntityManagerFactory for persistence unit 'default'
2026-06-10T19:35:43.173+03:00  INFO 29792 --- [SpringApplicationShutdownHook] com.zaxxer.hikari.HikariDataSource       : HikariPool-1 - Shutdown initiated...
2026-06-10T19:35:43.178+03:00  INFO 29792 --- [SpringApplicationShutdownHook] com.zaxxer.hikari.HikariDataSource       : HikariPool-1 - Shutdown completed.
2026-06-10T19:36:03.680+03:00  INFO 30120 --- [restartedMain] com.project1.sms.SmsApplication          : Starting SmsApplication using Java 26.0.1 with PID 30120 (/home/zioncd/IdeaProjects/sms/target/classes started by zioncd in /home/zioncd/IdeaProjects/sms)
2026-06-10T19:36:03.684+03:00  INFO 30120 --- [restartedMain] com.project1.sms.SmsApplication          : The following 1 profile is active: "dev"
2026-06-10T19:36:03.845+03:00  INFO 30120 --- [restartedMain] .e.DevToolsPropertyDefaultsPostProcessor : Devtools property defaults active! Set 'spring.devtools.add-properties' to 'false' to disable
2026-06-10T19:36:03.847+03:00  INFO 30120 --- [restartedMain] .e.DevToolsPropertyDefaultsPostProcessor : For additional web related logging consider setting the 'logging.level.web' property to 'DEBUG'
2026-06-10T19:36:03.871+03:00  INFO 30120 --- [restartedMain] .s.b.d.c.l.DockerComposeLifecycleManager : Using Docker Compose file /home/zioncd/IdeaProjects/sms/compose.yaml
2026-06-10T19:36:09.676+03:00  INFO 30120 --- [restartedMain] .s.b.d.c.l.DockerComposeLifecycleManager : There are already Docker Compose services running, skipping startup
2026-06-10T19:36:18.431+03:00  INFO 30120 --- [restartedMain] .s.d.r.c.RepositoryConfigurationDelegate : Bootstrapping Spring Data JPA repositories in DEFAULT mode.
2026-06-10T19:36:19.374+03:00  INFO 30120 --- [restartedMain] .s.d.r.c.RepositoryConfigurationDelegate : Finished Spring Data repository scanning in 815 ms. Found 23 JPA repository interfaces.
2026-06-10T19:36:24.344+03:00  INFO 30120 --- [restartedMain] o.s.boot.tomcat.TomcatWebServer          : Tomcat initialized with port 8085 (http)
2026-06-10T19:36:24.363+03:00  INFO 30120 --- [restartedMain] o.apache.catalina.core.StandardService   : Starting service [Tomcat]
2026-06-10T19:36:24.363+03:00  INFO 30120 --- [restartedMain] o.apache.catalina.core.StandardEngine    : Starting Servlet engine: [Apache Tomcat/11.0.20]
2026-06-10T19:36:24.402+03:00  INFO 30120 --- [restartedMain] b.w.c.s.WebApplicationContextInitializer : Root WebApplicationContext: initialization completed in 14713 ms
2026-06-10T19:36:24.914+03:00  INFO 30120 --- [restartedMain] org.hibernate.orm.jpa                    : HHH008540: Processing PersistenceUnitInfo [name: default]
2026-06-10T19:36:25.168+03:00  INFO 30120 --- [restartedMain] org.hibernate.orm.core                   : HHH000001: Hibernate ORM core version 7.2.7.Final
2026-06-10T19:36:25.862+03:00  INFO 30120 --- [restartedMain] o.s.o.j.p.SpringPersistenceUnitInfo      : No LoadTimeWeaver setup: ignoring JPA class transformer
2026-06-10T19:36:26.022+03:00  INFO 30120 --- [restartedMain] com.zaxxer.hikari.HikariDataSource       : HikariPool-1 - Starting...
2026-06-10T19:36:27.456+03:00  INFO 30120 --- [restartedMain] com.zaxxer.hikari.pool.HikariPool        : HikariPool-1 - Added connection org.postgresql.jdbc.PgConnection@1518dbef
2026-06-10T19:36:27.464+03:00  INFO 30120 --- [restartedMain] com.zaxxer.hikari.HikariDataSource       : HikariPool-1 - Start completed.
2026-06-10T19:36:27.617+03:00  WARN 30120 --- [restartedMain] org.hibernate.orm.deprecation            : HHH90000025: PostgreSQLDialect does not need to be specified explicitly using 'hibernate.dialect' (remove the property setting and it will be selected by default)
2026-06-10T19:36:27.691+03:00  INFO 30120 --- [restartedMain] org.hibernate.orm.connections.pooling    : HHH10001005: Database info:
	Database JDBC URL [jdbc:postgresql://127.0.0.1:5433/sms]
	Database driver: PostgreSQL JDBC Driver
	Database dialect: PostgreSQLDialect
	Database version: 16.1
	Default catalog/schema: sms/public
	Autocommit mode: undefined/unknown
	Isolation level: READ_COMMITTED [default READ_COMMITTED]
	JDBC fetch size: none
	Pool: DataSourceConnectionProvider
	Minimum pool size: undefined/unknown
	Maximum pool size: undefined/unknown
2026-06-10T19:36:31.243+03:00  INFO 30120 --- [restartedMain] org.hibernate.orm.core                   : HHH000489: No JTA platform available (set 'hibernate.transaction.jta.platform' to enable JTA platform integration)
2026-06-10T19:36:31.405+03:00  INFO 30120 --- [restartedMain] j.LocalContainerEntityManagerFactoryBean : Initialized JPA EntityManagerFactory for persistence unit 'default'
2026-06-10T19:36:31.845+03:00  INFO 30120 --- [restartedMain] o.s.d.j.r.query.QueryEnhancerFactories   : Hibernate is in classpath; If applicable, HQL parser will be used.
2026-06-10T19:36:33.493+03:00  INFO 30120 --- [restartedMain] eAuthenticationProviderManagerConfigurer : Global AuthenticationManager configured with AuthenticationProvider bean with name authenticationProvider
2026-06-10T19:36:33.494+03:00  WARN 30120 --- [restartedMain] r$InitializeUserDetailsManagerConfigurer : Global AuthenticationManager configured with an AuthenticationProvider bean. UserDetailsService beans will not be used by Spring Security for automatically configuring username/password login. Consider removing the AuthenticationProvider bean. Alternatively, consider using the UserDetailsService in a manually instantiated DaoAuthenticationProvider. If the current configuration is intentional, to turn off this warning, increase the logging level of 'org.springframework.security.config.annotation.authentication.configuration.InitializeUserDetailsBeanManagerConfigurer' to ERROR
2026-06-10T19:36:37.790+03:00  WARN 30120 --- [restartedMain] s.w.s.m.m.a.RequestMappingHandlerMapping : Multiple @RequestMapping annotations found on public org.springframework.http.ResponseEntity com.project1.sms.controller.ProgramController.getAllProgram(), but only the first will be used: [@org.springframework.web.bind.annotation.GetMapping(consumes={}, headers={}, name="", params={}, path={}, produces={}, value={}, version=""), @org.springframework.web.bind.annotation.PostMapping(consumes={}, headers={}, name="", params={}, path={}, produces={}, value={}, version="")]
2026-06-10T19:36:37.942+03:00 DEBUG 30120 --- [restartedMain] o.s.s.web.DefaultSecurityFilterChain     : Will secure any request with filters: DisableEncodeUrlFilter, WebAsyncManagerIntegrationFilter, SecurityContextHolderFilter, HeaderWriterFilter, CorsFilter, LogoutFilter, OAuth2ProtectedResourceMetadataFilter, BearerTokenAuthenticationFilter, AuthenticationFilter, RequestCacheAwareFilter, SecurityContextHolderAwareRequestFilter, AnonymousAuthenticationFilter, SessionManagementFilter, ExceptionTranslationFilter, AuthorizationFilter
2026-06-10T19:36:39.000+03:00  INFO 30120 --- [restartedMain] o.s.boot.tomcat.TomcatWebServer          : Tomcat started on port 8085 (http) with context path '/'
2026-06-10T19:36:39.022+03:00  INFO 30120 --- [restartedMain] com.project1.sms.SmsApplication          : Started SmsApplication in 38.877 seconds (process running for 45.183)
2026-06-10T19:37:56.927+03:00  INFO 30120 --- [http-nio-8085-exec-1] o.a.c.c.C.[Tomcat].[localhost].[/]       : Initializing Spring DispatcherServlet 'dispatcherServlet'
2026-06-10T19:37:56.953+03:00  INFO 30120 --- [http-nio-8085-exec-1] o.s.web.servlet.DispatcherServlet        : Initializing Servlet 'dispatcherServlet'
2026-06-10T19:37:56.959+03:00  INFO 30120 --- [http-nio-8085-exec-1] o.s.web.servlet.DispatcherServlet        : Completed initialization in 5 ms
2026-06-10T19:37:56.989+03:00 DEBUG 30120 --- [http-nio-8085-exec-1] o.s.security.web.FilterChainProxy        : Securing POST /api/sections/department/104/program/142
2026-06-10T19:37:56.996+03:00  WARN 30120 --- [http-nio-8085-exec-1] o.s.w.s.h.HandlerMappingIntrospector     : Cache miss for REQUEST dispatch to '/api/sections/department/104/program/142' (previous null). Performing CorsConfiguration lookup. This is logged once only at WARN level, and every time at TRACE.
2026-06-10T19:37:57.109+03:00 DEBUG 30120 --- [http-nio-8085-exec-1] o.s.s.o.s.r.a.JwtAuthenticationProvider  : Authenticated token
2026-06-10T19:37:57.111+03:00 DEBUG 30120 --- [http-nio-8085-exec-1] .s.r.w.a.BearerTokenAuthenticationFilter : Set SecurityContextHolder to JwtAuthenticationToken [Principal=org.springframework.security.oauth2.jwt.Jwt@cbf168d8, Credentials=[PROTECTED], Authenticated=true, Details=WebAuthenticationDetails [RemoteIpAddress=127.0.0.1, SessionId=null], Granted Authorities=[ROLE_REGISTRAR_HEAD, FactorGrantedAuthority [authority=FACTOR_BEARER, issuedAt=2026-06-10T16:37:57.100427625Z]]]
2026-06-10T19:37:57.114+03:00 DEBUG 30120 --- [http-nio-8085-exec-1] o.s.security.web.FilterChainProxy        : Secured POST /api/sections/department/104/program/142
2026-06-10T19:37:57.397+03:00  WARN 30120 --- [http-nio-8085-exec-1] .m.m.a.ExceptionHandlerExceptionResolver : Resolved [org.springframework.web.servlet.resource.NoResourceFoundException: No static resource api/sections/department/104/program/142 for request '/api/sections/department/104/program/142'.]
2026-06-10T19:38:18.205+03:00 DEBUG 30120 --- [http-nio-8085-exec-2] o.s.security.web.FilterChainProxy        : Securing POST /api/sections/departments/104/programs/142
2026-06-10T19:38:18.209+03:00 DEBUG 30120 --- [http-nio-8085-exec-2] o.s.s.o.s.r.a.JwtAuthenticationProvider  : Authenticated token
2026-06-10T19:38:18.209+03:00 DEBUG 30120 --- [http-nio-8085-exec-2] .s.r.w.a.BearerTokenAuthenticationFilter : Set SecurityContextHolder to JwtAuthenticationToken [Principal=org.springframework.security.oauth2.jwt.Jwt@cbf168d8, Credentials=[PROTECTED], Authenticated=true, Details=WebAuthenticationDetails [RemoteIpAddress=127.0.0.1, SessionId=null], Granted Authorities=[ROLE_REGISTRAR_HEAD, FactorGrantedAuthority [authority=FACTOR_BEARER, issuedAt=2026-06-10T16:38:18.209230414Z]]]
2026-06-10T19:38:18.210+03:00 DEBUG 30120 --- [http-nio-8085-exec-2] o.s.security.web.FilterChainProxy        : Secured POST /api/sections/departments/104/programs/142
2026-06-10T19:38:18.230+03:00 DEBUG 30120 --- [http-nio-8085-exec-2] horizationManagerBeforeMethodInterceptor : Authorizing method invocation ReflectiveMethodInvocation: public org.springframework.http.ResponseEntity com.project1.sms.controller.SectionController.createSection(java.lang.Long,java.lang.Long); target is of class [com.project1.sms.controller.SectionController]
2026-06-10T19:38:18.338+03:00 DEBUG 30120 --- [http-nio-8085-exec-2] horizationManagerBeforeMethodInterceptor : Authorized method invocation ReflectiveMethodInvocation: public org.springframework.http.ResponseEntity com.project1.sms.controller.SectionController.createSection(java.lang.Long,java.lang.Long); target is of class [com.project1.sms.controller.SectionController]
2026-06-10T19:38:59.409+03:00 DEBUG 30120 --- [http-nio-8085-exec-3] o.s.security.web.FilterChainProxy        : Securing GET /api/sections
2026-06-10T19:38:59.429+03:00 DEBUG 30120 --- [http-nio-8085-exec-3] o.s.s.o.s.r.a.JwtAuthenticationProvider  : Authenticated token
2026-06-10T19:38:59.430+03:00 DEBUG 30120 --- [http-nio-8085-exec-3] .s.r.w.a.BearerTokenAuthenticationFilter : Set SecurityContextHolder to JwtAuthenticationToken [Principal=org.springframework.security.oauth2.jwt.Jwt@cbf168d8, Credentials=[PROTECTED], Authenticated=true, Details=WebAuthenticationDetails [RemoteIpAddress=127.0.0.1, SessionId=null], Granted Authorities=[FactorGrantedAuthority [authority=FACTOR_BEARER, issuedAt=2026-06-10T16:38:59.429511960Z], ROLE_REGISTRAR_HEAD]]
2026-06-10T19:38:59.430+03:00 DEBUG 30120 --- [http-nio-8085-exec-3] o.s.security.web.FilterChainProxy        : Secured GET /api/sections
2026-06-10T19:38:59.434+03:00  WARN 30120 --- [http-nio-8085-exec-3] .m.m.a.ExceptionHandlerExceptionResolver : Resolved [org.springframework.web.servlet.resource.NoResourceFoundException: No static resource api/sections for request '/api/sections'.]
2026-06-10T19:39:44.123+03:00 DEBUG 30120 --- [http-nio-8085-exec-5] o.s.security.web.FilterChainProxy        : Securing GET /api/sections/departments/104/programs/142
2026-06-10T19:39:44.126+03:00 DEBUG 30120 --- [http-nio-8085-exec-5] o.s.s.o.s.r.a.JwtAuthenticationProvider  : Authenticated token
2026-06-10T19:39:44.127+03:00 DEBUG 30120 --- [http-nio-8085-exec-5] .s.r.w.a.BearerTokenAuthenticationFilter : Set SecurityContextHolder to JwtAuthenticationToken [Principal=org.springframework.security.oauth2.jwt.Jwt@cbf168d8, Credentials=[PROTECTED], Authenticated=true, Details=WebAuthenticationDetails [RemoteIpAddress=127.0.0.1, SessionId=null], Granted Authorities=[FactorGrantedAuthority [authority=FACTOR_BEARER, issuedAt=2026-06-10T16:39:44.126711424Z], ROLE_REGISTRAR_HEAD]]
2026-06-10T19:39:44.127+03:00 DEBUG 30120 --- [http-nio-8085-exec-5] o.s.security.web.FilterChainProxy        : Secured GET /api/sections/departments/104/programs/142
2026-06-10T19:39:44.128+03:00 DEBUG 30120 --- [http-nio-8085-exec-5] horizationManagerBeforeMethodInterceptor : Authorizing method invocation ReflectiveMethodInvocation: public org.springframework.http.ResponseEntity com.project1.sms.controller.SectionController.getSectionsByDePAndPro(java.lang.Long,java.lang.Long); target is of class [com.project1.sms.controller.SectionController]
2026-06-10T19:39:44.130+03:00 DEBUG 30120 --- [http-nio-8085-exec-5] horizationManagerBeforeMethodInterceptor : Authorized method invocation ReflectiveMethodInvocation: public org.springframework.http.ResponseEntity com.project1.sms.controller.SectionController.getSectionsByDePAndPro(java.lang.Long,java.lang.Long); target is of class [com.project1.sms.controller.SectionController]
2026-06-10T19:44:02.997+03:00 DEBUG 30120 --- [http-nio-8085-exec-7] o.s.security.web.FilterChainProxy        : Securing POST /api/students
2026-06-10T19:44:03.025+03:00 DEBUG 30120 --- [http-nio-8085-exec-7] o.s.s.o.s.r.a.JwtAuthenticationProvider  : Authenticated token
2026-06-10T19:44:03.026+03:00 DEBUG 30120 --- [http-nio-8085-exec-7] .s.r.w.a.BearerTokenAuthenticationFilter : Set SecurityContextHolder to JwtAuthenticationToken [Principal=org.springframework.security.oauth2.jwt.Jwt@cbf168d8, Credentials=[PROTECTED], Authenticated=true, Details=WebAuthenticationDetails [RemoteIpAddress=127.0.0.1, SessionId=null], Granted Authorities=[FactorGrantedAuthority [authority=FACTOR_BEARER, issuedAt=2026-06-10T16:44:03.025750500Z], ROLE_REGISTRAR_HEAD]]
2026-06-10T19:44:03.027+03:00 DEBUG 30120 --- [http-nio-8085-exec-7] o.s.security.web.FilterChainProxy        : Secured POST /api/students
2026-06-10T19:44:03.715+03:00 DEBUG 30120 --- [http-nio-8085-exec-7] horizationManagerBeforeMethodInterceptor : Authorizing method invocation ReflectiveMethodInvocation: public org.springframework.http.ResponseEntity com.project1.sms.controller.StudentController.studentRegister(com.project1.sms.requestDTO.StudentRequest); target is of class [com.project1.sms.controller.StudentController]
2026-06-10T19:44:03.717+03:00 DEBUG 30120 --- [http-nio-8085-exec-7] horizationManagerBeforeMethodInterceptor : Authorized method invocation ReflectiveMethodInvocation: public org.springframework.http.ResponseEntity com.project1.sms.controller.StudentController.studentRegister(com.project1.sms.requestDTO.StudentRequest); target is of class [com.project1.sms.controller.StudentController]
2026-06-10T19:44:04.074+03:00  WARN 30120 --- [http-nio-8085-exec-7] .m.m.a.ExceptionHandlerExceptionResolver : Resolved [java.lang.StringIndexOutOfBoundsException: Range [2, 0) out of bounds for length 0]
2026-06-10T19:47:05.103+03:00  INFO 30120 --- [SpringApplicationShutdownHook] o.s.boot.tomcat.GracefulShutdown         : Commencing graceful shutdown. Waiting for active requests to complete
2026-06-10T19:47:05.885+03:00  INFO 30120 --- [tomcat-shutdown] o.s.boot.tomcat.GracefulShutdown         : Graceful shutdown complete
2026-06-10T19:47:05.987+03:00  INFO 30120 --- [SpringApplicationShutdownHook] j.LocalContainerEntityManagerFactoryBean : Closing JPA EntityManagerFactory for persistence unit 'default'
2026-06-10T19:47:06.225+03:00  INFO 30120 --- [SpringApplicationShutdownHook] com.zaxxer.hikari.HikariDataSource       : HikariPool-1 - Shutdown initiated...
2026-06-10T19:47:06.231+03:00  INFO 30120 --- [SpringApplicationShutdownHook] com.zaxxer.hikari.HikariDataSource       : HikariPool-1 - Shutdown completed.
2026-06-10T19:47:31.199+03:00  INFO 30515 --- [restartedMain] com.project1.sms.SmsApplication          : Starting SmsApplication using Java 26.0.1 with PID 30515 (/home/zioncd/IdeaProjects/sms/target/classes started by zioncd in /home/zioncd/IdeaProjects/sms)
2026-06-10T19:47:31.205+03:00  INFO 30515 --- [restartedMain] com.project1.sms.SmsApplication          : The following 1 profile is active: "dev"
2026-06-10T19:47:31.745+03:00  INFO 30515 --- [restartedMain] .e.DevToolsPropertyDefaultsPostProcessor : Devtools property defaults active! Set 'spring.devtools.add-properties' to 'false' to disable
2026-06-10T19:47:31.746+03:00  INFO 30515 --- [restartedMain] .e.DevToolsPropertyDefaultsPostProcessor : For additional web related logging consider setting the 'logging.level.web' property to 'DEBUG'
2026-06-10T19:47:31.801+03:00  INFO 30515 --- [restartedMain] .s.b.d.c.l.DockerComposeLifecycleManager : Using Docker Compose file /home/zioncd/IdeaProjects/sms/compose.yaml
2026-06-10T19:47:44.634+03:00  INFO 30515 --- [restartedMain] .s.b.d.c.l.DockerComposeLifecycleManager : There are already Docker Compose services running, skipping startup
2026-06-10T19:47:47.628+03:00  INFO 30515 --- [restartedMain] .s.d.r.c.RepositoryConfigurationDelegate : Bootstrapping Spring Data JPA repositories in DEFAULT mode.
2026-06-10T19:47:47.899+03:00  INFO 30515 --- [restartedMain] .s.d.r.c.RepositoryConfigurationDelegate : Finished Spring Data repository scanning in 251 ms. Found 23 JPA repository interfaces.
2026-06-10T19:47:50.759+03:00  INFO 30515 --- [restartedMain] o.s.boot.tomcat.TomcatWebServer          : Tomcat initialized with port 8085 (http)
2026-06-10T19:47:50.818+03:00  INFO 30515 --- [restartedMain] o.apache.catalina.core.StandardService   : Starting service [Tomcat]
2026-06-10T19:47:50.818+03:00  INFO 30515 --- [restartedMain] o.apache.catalina.core.StandardEngine    : Starting Servlet engine: [Apache Tomcat/11.0.20]
2026-06-10T19:47:50.896+03:00  INFO 30515 --- [restartedMain] b.w.c.s.WebApplicationContextInitializer : Root WebApplicationContext: initialization completed in 6224 ms
2026-06-10T19:47:51.522+03:00  INFO 30515 --- [restartedMain] org.hibernate.orm.jpa                    : HHH008540: Processing PersistenceUnitInfo [name: default]
2026-06-10T19:47:51.684+03:00  INFO 30515 --- [restartedMain] org.hibernate.orm.core                   : HHH000001: Hibernate ORM core version 7.2.7.Final
2026-06-10T19:47:52.541+03:00  INFO 30515 --- [restartedMain] o.s.o.j.p.SpringPersistenceUnitInfo      : No LoadTimeWeaver setup: ignoring JPA class transformer
2026-06-10T19:47:52.601+03:00  INFO 30515 --- [restartedMain] com.zaxxer.hikari.HikariDataSource       : HikariPool-1 - Starting...
2026-06-10T19:47:54.269+03:00  INFO 30515 --- [restartedMain] com.zaxxer.hikari.pool.HikariPool        : HikariPool-1 - Added connection org.postgresql.jdbc.PgConnection@6e1dad90
2026-06-10T19:47:54.271+03:00  INFO 30515 --- [restartedMain] com.zaxxer.hikari.HikariDataSource       : HikariPool-1 - Start completed.
2026-06-10T19:47:54.308+03:00  WARN 30515 --- [restartedMain] org.hibernate.orm.deprecation            : HHH90000025: PostgreSQLDialect does not need to be specified explicitly using 'hibernate.dialect' (remove the property setting and it will be selected by default)
2026-06-10T19:47:54.333+03:00  INFO 30515 --- [restartedMain] org.hibernate.orm.connections.pooling    : HHH10001005: Database info:
	Database JDBC URL [jdbc:postgresql://127.0.0.1:5433/sms]
	Database driver: PostgreSQL JDBC Driver
	Database dialect: PostgreSQLDialect
	Database version: 16.1
	Default catalog/schema: sms/public
	Autocommit mode: undefined/unknown
	Isolation level: READ_COMMITTED [default READ_COMMITTED]
	JDBC fetch size: none
	Pool: DataSourceConnectionProvider
	Minimum pool size: undefined/unknown
	Maximum pool size: undefined/unknown
2026-06-10T19:48:00.504+03:00  INFO 30515 --- [restartedMain] org.hibernate.orm.core                   : HHH000489: No JTA platform available (set 'hibernate.transaction.jta.platform' to enable JTA platform integration)
2026-06-10T19:48:00.757+03:00  INFO 30515 --- [restartedMain] j.LocalContainerEntityManagerFactoryBean : Initialized JPA EntityManagerFactory for persistence unit 'default'
2026-06-10T19:48:01.331+03:00  INFO 30515 --- [restartedMain] o.s.d.j.r.query.QueryEnhancerFactories   : Hibernate is in classpath; If applicable, HQL parser will be used.
2026-06-10T19:48:03.804+03:00  INFO 30515 --- [restartedMain] eAuthenticationProviderManagerConfigurer : Global AuthenticationManager configured with AuthenticationProvider bean with name authenticationProvider
2026-06-10T19:48:03.805+03:00  WARN 30515 --- [restartedMain] r$InitializeUserDetailsManagerConfigurer : Global AuthenticationManager configured with an AuthenticationProvider bean. UserDetailsService beans will not be used by Spring Security for automatically configuring username/password login. Consider removing the AuthenticationProvider bean. Alternatively, consider using the UserDetailsService in a manually instantiated DaoAuthenticationProvider. If the current configuration is intentional, to turn off this warning, increase the logging level of 'org.springframework.security.config.annotation.authentication.configuration.InitializeUserDetailsBeanManagerConfigurer' to ERROR
2026-06-10T19:48:09.517+03:00  WARN 30515 --- [restartedMain] s.w.s.m.m.a.RequestMappingHandlerMapping : Multiple @RequestMapping annotations found on public org.springframework.http.ResponseEntity com.project1.sms.controller.ProgramController.getAllProgram(), but only the first will be used: [@org.springframework.web.bind.annotation.GetMapping(consumes={}, headers={}, name="", params={}, path={}, produces={}, value={}, version=""), @org.springframework.web.bind.annotation.PostMapping(consumes={}, headers={}, name="", params={}, path={}, produces={}, value={}, version="")]
2026-06-10T19:48:10.094+03:00 DEBUG 30515 --- [restartedMain] o.s.s.web.DefaultSecurityFilterChain     : Will secure any request with filters: DisableEncodeUrlFilter, WebAsyncManagerIntegrationFilter, SecurityContextHolderFilter, HeaderWriterFilter, CorsFilter, LogoutFilter, OAuth2ProtectedResourceMetadataFilter, BearerTokenAuthenticationFilter, AuthenticationFilter, RequestCacheAwareFilter, SecurityContextHolderAwareRequestFilter, AnonymousAuthenticationFilter, SessionManagementFilter, ExceptionTranslationFilter, AuthorizationFilter
2026-06-10T19:48:11.161+03:00  INFO 30515 --- [restartedMain] o.s.boot.tomcat.TomcatWebServer          : Tomcat started on port 8085 (http) with context path '/'
2026-06-10T19:48:11.169+03:00  INFO 30515 --- [restartedMain] com.project1.sms.SmsApplication          : Started SmsApplication in 43.774 seconds (process running for 51.045)
2026-06-10T19:48:55.341+03:00  INFO 30515 --- [http-nio-8085-exec-1] o.a.c.c.C.[Tomcat].[localhost].[/]       : Initializing Spring DispatcherServlet 'dispatcherServlet'
2026-06-10T19:48:55.365+03:00  INFO 30515 --- [http-nio-8085-exec-1] o.s.web.servlet.DispatcherServlet        : Initializing Servlet 'dispatcherServlet'
2026-06-10T19:48:55.367+03:00  INFO 30515 --- [http-nio-8085-exec-1] o.s.web.servlet.DispatcherServlet        : Completed initialization in 2 ms
2026-06-10T19:48:55.911+03:00 DEBUG 30515 --- [http-nio-8085-exec-1] o.s.security.web.FilterChainProxy        : Securing POST /api/students
2026-06-10T19:48:56.261+03:00  WARN 30515 --- [http-nio-8085-exec-1] o.s.w.s.h.HandlerMappingIntrospector     : Cache miss for REQUEST dispatch to '/api/students' (previous null). Performing CorsConfiguration lookup. This is logged once only at WARN level, and every time at TRACE.
2026-06-10T19:48:57.615+03:00 DEBUG 30515 --- [http-nio-8085-exec-1] o.s.s.o.s.r.a.JwtAuthenticationProvider  : Authenticated token
2026-06-10T19:48:57.617+03:00 DEBUG 30515 --- [http-nio-8085-exec-1] .s.r.w.a.BearerTokenAuthenticationFilter : Set SecurityContextHolder to JwtAuthenticationToken [Principal=org.springframework.security.oauth2.jwt.Jwt@cbf168d8, Credentials=[PROTECTED], Authenticated=true, Details=WebAuthenticationDetails [RemoteIpAddress=127.0.0.1, SessionId=null], Granted Authorities=[ROLE_REGISTRAR_HEAD, FactorGrantedAuthority [authority=FACTOR_BEARER, issuedAt=2026-06-10T16:48:57.593692954Z]]]
2026-06-10T19:48:57.627+03:00 DEBUG 30515 --- [http-nio-8085-exec-1] o.s.security.web.FilterChainProxy        : Secured POST /api/students
2026-06-10T19:48:58.309+03:00 DEBUG 30515 --- [http-nio-8085-exec-1] horizationManagerBeforeMethodInterceptor : Authorizing method invocation ReflectiveMethodInvocation: public org.springframework.http.ResponseEntity com.project1.sms.controller.StudentController.studentRegister(com.project1.sms.requestDTO.StudentRequest); target is of class [com.project1.sms.controller.StudentController]
2026-06-10T19:48:58.410+03:00 DEBUG 30515 --- [http-nio-8085-exec-1] horizationManagerBeforeMethodInterceptor : Authorized method invocation ReflectiveMethodInvocation: public org.springframework.http.ResponseEntity com.project1.sms.controller.StudentController.studentRegister(com.project1.sms.requestDTO.StudentRequest); target is of class [com.project1.sms.controller.StudentController]
2026-06-10T19:49:00.220+03:00  WARN 30515 --- [http-nio-8085-exec-1] .m.m.a.ExceptionHandlerExceptionResolver : Resolved [java.lang.StringIndexOutOfBoundsException: Range [2, 0) out of bounds for length 0]
2026-06-10T19:51:18.865+03:00  INFO 30515 --- [SpringApplicationShutdownHook] o.s.boot.tomcat.GracefulShutdown         : Commencing graceful shutdown. Waiting for active requests to complete
2026-06-10T19:51:19.471+03:00  INFO 30515 --- [tomcat-shutdown] o.s.boot.tomcat.GracefulShutdown         : Graceful shutdown complete
2026-06-10T19:51:19.588+03:00  INFO 30515 --- [SpringApplicationShutdownHook] j.LocalContainerEntityManagerFactoryBean : Closing JPA EntityManagerFactory for persistence unit 'default'
2026-06-10T19:51:19.703+03:00  INFO 30515 --- [SpringApplicationShutdownHook] com.zaxxer.hikari.HikariDataSource       : HikariPool-1 - Shutdown initiated...
2026-06-10T19:51:19.708+03:00  INFO 30515 --- [SpringApplicationShutdownHook] com.zaxxer.hikari.HikariDataSource       : HikariPool-1 - Shutdown completed.
2026-06-10T19:51:42.139+03:00  INFO 30783 --- [restartedMain] com.project1.sms.SmsApplication          : Starting SmsApplication using Java 26.0.1 with PID 30783 (/home/zioncd/IdeaProjects/sms/target/classes started by zioncd in /home/zioncd/IdeaProjects/sms)
2026-06-10T19:51:42.144+03:00  INFO 30783 --- [restartedMain] com.project1.sms.SmsApplication          : The following 1 profile is active: "dev"
2026-06-10T19:51:42.507+03:00  INFO 30783 --- [restartedMain] .e.DevToolsPropertyDefaultsPostProcessor : Devtools property defaults active! Set 'spring.devtools.add-properties' to 'false' to disable
2026-06-10T19:51:42.508+03:00  INFO 30783 --- [restartedMain] .e.DevToolsPropertyDefaultsPostProcessor : For additional web related logging consider setting the 'logging.level.web' property to 'DEBUG'
2026-06-10T19:51:42.555+03:00  INFO 30783 --- [restartedMain] .s.b.d.c.l.DockerComposeLifecycleManager : Using Docker Compose file /home/zioncd/IdeaProjects/sms/compose.yaml
2026-06-10T19:51:48.332+03:00  INFO 30783 --- [restartedMain] .s.b.d.c.l.DockerComposeLifecycleManager : There are already Docker Compose services running, skipping startup
2026-06-10T19:51:50.712+03:00  INFO 30783 --- [restartedMain] .s.d.r.c.RepositoryConfigurationDelegate : Bootstrapping Spring Data JPA repositories in DEFAULT mode.
2026-06-10T19:51:50.868+03:00  INFO 30783 --- [restartedMain] .s.d.r.c.RepositoryConfigurationDelegate : Finished Spring Data repository scanning in 145 ms. Found 23 JPA repository interfaces.
2026-06-10T19:51:52.208+03:00  INFO 30783 --- [restartedMain] o.s.boot.tomcat.TomcatWebServer          : Tomcat initialized with port 8085 (http)
2026-06-10T19:51:52.225+03:00  INFO 30783 --- [restartedMain] o.apache.catalina.core.StandardService   : Starting service [Tomcat]
2026-06-10T19:51:52.226+03:00  INFO 30783 --- [restartedMain] o.apache.catalina.core.StandardEngine    : Starting Servlet engine: [Apache Tomcat/11.0.20]
2026-06-10T19:51:52.279+03:00  INFO 30783 --- [restartedMain] b.w.c.s.WebApplicationContextInitializer : Root WebApplicationContext: initialization completed in 3939 ms
2026-06-10T19:51:52.693+03:00  INFO 30783 --- [restartedMain] org.hibernate.orm.jpa                    : HHH008540: Processing PersistenceUnitInfo [name: default]
2026-06-10T19:51:52.847+03:00  INFO 30783 --- [restartedMain] org.hibernate.orm.core                   : HHH000001: Hibernate ORM core version 7.2.7.Final
2026-06-10T19:51:53.591+03:00  INFO 30783 --- [restartedMain] o.s.o.j.p.SpringPersistenceUnitInfo      : No LoadTimeWeaver setup: ignoring JPA class transformer
2026-06-10T19:51:53.656+03:00  INFO 30783 --- [restartedMain] com.zaxxer.hikari.HikariDataSource       : HikariPool-1 - Starting...
2026-06-10T19:51:54.523+03:00  INFO 30783 --- [restartedMain] com.zaxxer.hikari.pool.HikariPool        : HikariPool-1 - Added connection org.postgresql.jdbc.PgConnection@3323d2fc
2026-06-10T19:51:54.525+03:00  INFO 30783 --- [restartedMain] com.zaxxer.hikari.HikariDataSource       : HikariPool-1 - Start completed.
2026-06-10T19:51:54.556+03:00  WARN 30783 --- [restartedMain] org.hibernate.orm.deprecation            : HHH90000025: PostgreSQLDialect does not need to be specified explicitly using 'hibernate.dialect' (remove the property setting and it will be selected by default)
2026-06-10T19:51:54.580+03:00  INFO 30783 --- [restartedMain] org.hibernate.orm.connections.pooling    : HHH10001005: Database info:
	Database JDBC URL [jdbc:postgresql://127.0.0.1:5433/sms]
	Database driver: PostgreSQL JDBC Driver
	Database dialect: PostgreSQLDialect
	Database version: 16.1
	Default catalog/schema: sms/public
	Autocommit mode: undefined/unknown
	Isolation level: READ_COMMITTED [default READ_COMMITTED]
	JDBC fetch size: none
	Pool: DataSourceConnectionProvider
	Minimum pool size: undefined/unknown
	Maximum pool size: undefined/unknown
2026-06-10T19:51:56.618+03:00  INFO 30783 --- [restartedMain] org.hibernate.orm.core                   : HHH000489: No JTA platform available (set 'hibernate.transaction.jta.platform' to enable JTA platform integration)
2026-06-10T19:51:56.722+03:00  INFO 30783 --- [restartedMain] j.LocalContainerEntityManagerFactoryBean : Initialized JPA EntityManagerFactory for persistence unit 'default'
2026-06-10T19:51:57.098+03:00  INFO 30783 --- [restartedMain] o.s.d.j.r.query.QueryEnhancerFactories   : Hibernate is in classpath; If applicable, HQL parser will be used.
2026-06-10T19:51:58.784+03:00  INFO 30783 --- [restartedMain] eAuthenticationProviderManagerConfigurer : Global AuthenticationManager configured with AuthenticationProvider bean with name authenticationProvider
2026-06-10T19:51:58.785+03:00  WARN 30783 --- [restartedMain] r$InitializeUserDetailsManagerConfigurer : Global AuthenticationManager configured with an AuthenticationProvider bean. UserDetailsService beans will not be used by Spring Security for automatically configuring username/password login. Consider removing the AuthenticationProvider bean. Alternatively, consider using the UserDetailsService in a manually instantiated DaoAuthenticationProvider. If the current configuration is intentional, to turn off this warning, increase the logging level of 'org.springframework.security.config.annotation.authentication.configuration.InitializeUserDetailsBeanManagerConfigurer' to ERROR
2026-06-10T19:52:04.340+03:00  WARN 30783 --- [restartedMain] s.w.s.m.m.a.RequestMappingHandlerMapping : Multiple @RequestMapping annotations found on public org.springframework.http.ResponseEntity com.project1.sms.controller.ProgramController.getAllProgram(), but only the first will be used: [@org.springframework.web.bind.annotation.GetMapping(consumes={}, headers={}, name="", params={}, path={}, produces={}, value={}, version=""), @org.springframework.web.bind.annotation.PostMapping(consumes={}, headers={}, name="", params={}, path={}, produces={}, value={}, version="")]
2026-06-10T19:52:04.448+03:00 DEBUG 30783 --- [restartedMain] o.s.s.web.DefaultSecurityFilterChain     : Will secure any request with filters: DisableEncodeUrlFilter, WebAsyncManagerIntegrationFilter, SecurityContextHolderFilter, HeaderWriterFilter, CorsFilter, LogoutFilter, OAuth2ProtectedResourceMetadataFilter, BearerTokenAuthenticationFilter, AuthenticationFilter, RequestCacheAwareFilter, SecurityContextHolderAwareRequestFilter, AnonymousAuthenticationFilter, SessionManagementFilter, ExceptionTranslationFilter, AuthorizationFilter
2026-06-10T19:52:04.878+03:00  INFO 30783 --- [restartedMain] o.s.boot.tomcat.TomcatWebServer          : Tomcat started on port 8085 (http) with context path '/'
2026-06-10T19:52:04.886+03:00  INFO 30783 --- [restartedMain] com.project1.sms.SmsApplication          : Started SmsApplication in 26.615 seconds (process running for 33.36)
2026-06-10T19:52:31.399+03:00  INFO 30783 --- [http-nio-8085-exec-1] o.a.c.c.C.[Tomcat].[localhost].[/]       : Initializing Spring DispatcherServlet 'dispatcherServlet'
2026-06-10T19:52:31.400+03:00  INFO 30783 --- [http-nio-8085-exec-1] o.s.web.servlet.DispatcherServlet        : Initializing Servlet 'dispatcherServlet'
2026-06-10T19:52:31.410+03:00  INFO 30783 --- [http-nio-8085-exec-1] o.s.web.servlet.DispatcherServlet        : Completed initialization in 10 ms
2026-06-10T19:52:31.548+03:00 DEBUG 30783 --- [http-nio-8085-exec-1] o.s.security.web.FilterChainProxy        : Securing POST /api/students
2026-06-10T19:52:31.631+03:00  WARN 30783 --- [http-nio-8085-exec-1] o.s.w.s.h.HandlerMappingIntrospector     : Cache miss for REQUEST dispatch to '/api/students' (previous null). Performing CorsConfiguration lookup. This is logged once only at WARN level, and every time at TRACE.
2026-06-10T19:52:31.918+03:00 DEBUG 30783 --- [http-nio-8085-exec-1] o.s.s.o.s.r.a.JwtAuthenticationProvider  : Authenticated token
2026-06-10T19:52:31.921+03:00 DEBUG 30783 --- [http-nio-8085-exec-1] .s.r.w.a.BearerTokenAuthenticationFilter : Set SecurityContextHolder to JwtAuthenticationToken [Principal=org.springframework.security.oauth2.jwt.Jwt@cbf168d8, Credentials=[PROTECTED], Authenticated=true, Details=WebAuthenticationDetails [RemoteIpAddress=127.0.0.1, SessionId=null], Granted Authorities=[FactorGrantedAuthority [authority=FACTOR_BEARER, issuedAt=2026-06-10T16:52:31.903315021Z], ROLE_REGISTRAR_HEAD]]
2026-06-10T19:52:31.927+03:00 DEBUG 30783 --- [http-nio-8085-exec-1] o.s.security.web.FilterChainProxy        : Secured POST /api/students
2026-06-10T19:52:32.438+03:00 DEBUG 30783 --- [http-nio-8085-exec-1] horizationManagerBeforeMethodInterceptor : Authorizing method invocation ReflectiveMethodInvocation: public org.springframework.http.ResponseEntity com.project1.sms.controller.StudentController.studentRegister(com.project1.sms.requestDTO.StudentRequest); target is of class [com.project1.sms.controller.StudentController]
2026-06-10T19:52:32.496+03:00 DEBUG 30783 --- [http-nio-8085-exec-1] horizationManagerBeforeMethodInterceptor : Authorized method invocation ReflectiveMethodInvocation: public org.springframework.http.ResponseEntity com.project1.sms.controller.StudentController.studentRegister(com.project1.sms.requestDTO.StudentRequest); target is of class [com.project1.sms.controller.StudentController]
2026-06-10T19:52:37.681+03:00  WARN 30783 --- [http-nio-8085-exec-1] .m.m.a.ExceptionHandlerExceptionResolver : Resolved [java.lang.StringIndexOutOfBoundsException: Range [2, 0) out of bounds for length 0]
2026-06-10T19:54:06.436+03:00  INFO 30783 --- [SpringApplicationShutdownHook] o.s.boot.tomcat.GracefulShutdown         : Commencing graceful shutdown. Waiting for active requests to complete
2026-06-10T19:54:06.474+03:00  INFO 30783 --- [tomcat-shutdown] o.s.boot.tomcat.GracefulShutdown         : Graceful shutdown complete
2026-06-10T19:54:06.489+03:00  INFO 30783 --- [SpringApplicationShutdownHook] j.LocalContainerEntityManagerFactoryBean : Closing JPA EntityManagerFactory for persistence unit 'default'
2026-06-10T19:54:06.505+03:00  INFO 30783 --- [SpringApplicationShutdownHook] com.zaxxer.hikari.HikariDataSource       : HikariPool-1 - Shutdown initiated...
2026-06-10T19:54:06.509+03:00  INFO 30783 --- [SpringApplicationShutdownHook] com.zaxxer.hikari.HikariDataSource       : HikariPool-1 - Shutdown completed.
2026-06-10T19:56:27.785+03:00  INFO 31060 --- [restartedMain] com.project1.sms.SmsApplication          : Starting SmsApplication using Java 26.0.1 with PID 31060 (/home/zioncd/IdeaProjects/sms/target/classes started by zioncd in /home/zioncd/IdeaProjects/sms)
2026-06-10T19:56:27.790+03:00  INFO 31060 --- [restartedMain] com.project1.sms.SmsApplication          : The following 1 profile is active: "dev"
2026-06-10T19:56:28.577+03:00  INFO 31060 --- [restartedMain] .e.DevToolsPropertyDefaultsPostProcessor : Devtools property defaults active! Set 'spring.devtools.add-properties' to 'false' to disable
2026-06-10T19:56:28.577+03:00  INFO 31060 --- [restartedMain] .e.DevToolsPropertyDefaultsPostProcessor : For additional web related logging consider setting the 'logging.level.web' property to 'DEBUG'
2026-06-10T19:56:28.618+03:00  INFO 31060 --- [restartedMain] .s.b.d.c.l.DockerComposeLifecycleManager : Using Docker Compose file /home/zioncd/IdeaProjects/sms/compose.yaml
2026-06-10T19:56:35.742+03:00  INFO 31060 --- [restartedMain] .s.b.d.c.l.DockerComposeLifecycleManager : There are already Docker Compose services running, skipping startup
2026-06-10T19:56:39.027+03:00  INFO 31060 --- [restartedMain] .s.d.r.c.RepositoryConfigurationDelegate : Bootstrapping Spring Data JPA repositories in DEFAULT mode.
2026-06-10T19:56:39.279+03:00  INFO 31060 --- [restartedMain] .s.d.r.c.RepositoryConfigurationDelegate : Finished Spring Data repository scanning in 215 ms. Found 23 JPA repository interfaces.
2026-06-10T19:56:41.293+03:00  INFO 31060 --- [restartedMain] o.s.boot.tomcat.TomcatWebServer          : Tomcat initialized with port 8085 (http)
2026-06-10T19:56:41.340+03:00  INFO 31060 --- [restartedMain] o.apache.catalina.core.StandardService   : Starting service [Tomcat]
2026-06-10T19:56:41.341+03:00  INFO 31060 --- [restartedMain] o.apache.catalina.core.StandardEngine    : Starting Servlet engine: [Apache Tomcat/11.0.20]
2026-06-10T19:56:41.398+03:00  INFO 31060 --- [restartedMain] b.w.c.s.WebApplicationContextInitializer : Root WebApplicationContext: initialization completed in 5628 ms
2026-06-10T19:56:42.232+03:00  INFO 31060 --- [restartedMain] org.hibernate.orm.jpa                    : HHH008540: Processing PersistenceUnitInfo [name: default]
2026-06-10T19:56:42.416+03:00  INFO 31060 --- [restartedMain] org.hibernate.orm.core                   : HHH000001: Hibernate ORM core version 7.2.7.Final
2026-06-10T19:56:43.318+03:00  INFO 31060 --- [restartedMain] o.s.o.j.p.SpringPersistenceUnitInfo      : No LoadTimeWeaver setup: ignoring JPA class transformer
2026-06-10T19:56:43.478+03:00  INFO 31060 --- [restartedMain] com.zaxxer.hikari.HikariDataSource       : HikariPool-1 - Starting...
2026-06-10T19:56:43.986+03:00  INFO 31060 --- [restartedMain] com.zaxxer.hikari.pool.HikariPool        : HikariPool-1 - Added connection org.postgresql.jdbc.PgConnection@7db027be
2026-06-10T19:56:43.988+03:00  INFO 31060 --- [restartedMain] com.zaxxer.hikari.HikariDataSource       : HikariPool-1 - Start completed.
2026-06-10T19:56:44.075+03:00  WARN 31060 --- [restartedMain] org.hibernate.orm.deprecation            : HHH90000025: PostgreSQLDialect does not need to be specified explicitly using 'hibernate.dialect' (remove the property setting and it will be selected by default)
2026-06-10T19:56:44.126+03:00  INFO 31060 --- [restartedMain] org.hibernate.orm.connections.pooling    : HHH10001005: Database info:
	Database JDBC URL [jdbc:postgresql://127.0.0.1:5433/sms]
	Database driver: PostgreSQL JDBC Driver
	Database dialect: PostgreSQLDialect
	Database version: 16.1
	Default catalog/schema: sms/public
	Autocommit mode: undefined/unknown
	Isolation level: READ_COMMITTED [default READ_COMMITTED]
	JDBC fetch size: none
	Pool: DataSourceConnectionProvider
	Minimum pool size: undefined/unknown
	Maximum pool size: undefined/unknown
2026-06-10T19:56:46.864+03:00  INFO 31060 --- [restartedMain] org.hibernate.orm.core                   : HHH000489: No JTA platform available (set 'hibernate.transaction.jta.platform' to enable JTA platform integration)
2026-06-10T19:56:47.091+03:00  INFO 31060 --- [restartedMain] j.LocalContainerEntityManagerFactoryBean : Initialized JPA EntityManagerFactory for persistence unit 'default'
2026-06-10T19:56:47.401+03:00  INFO 31060 --- [restartedMain] o.s.d.j.r.query.QueryEnhancerFactories   : Hibernate is in classpath; If applicable, HQL parser will be used.
2026-06-10T19:56:49.285+03:00  INFO 31060 --- [restartedMain] eAuthenticationProviderManagerConfigurer : Global AuthenticationManager configured with AuthenticationProvider bean with name authenticationProvider
2026-06-10T19:56:49.286+03:00  WARN 31060 --- [restartedMain] r$InitializeUserDetailsManagerConfigurer : Global AuthenticationManager configured with an AuthenticationProvider bean. UserDetailsService beans will not be used by Spring Security for automatically configuring username/password login. Consider removing the AuthenticationProvider bean. Alternatively, consider using the UserDetailsService in a manually instantiated DaoAuthenticationProvider. If the current configuration is intentional, to turn off this warning, increase the logging level of 'org.springframework.security.config.annotation.authentication.configuration.InitializeUserDetailsBeanManagerConfigurer' to ERROR
2026-06-10T19:56:53.548+03:00  WARN 31060 --- [restartedMain] s.w.s.m.m.a.RequestMappingHandlerMapping : Multiple @RequestMapping annotations found on public org.springframework.http.ResponseEntity com.project1.sms.controller.ProgramController.getAllProgram(), but only the first will be used: [@org.springframework.web.bind.annotation.GetMapping(consumes={}, headers={}, name="", params={}, path={}, produces={}, value={}, version=""), @org.springframework.web.bind.annotation.PostMapping(consumes={}, headers={}, name="", params={}, path={}, produces={}, value={}, version="")]
2026-06-10T19:56:53.691+03:00 DEBUG 31060 --- [restartedMain] o.s.s.web.DefaultSecurityFilterChain     : Will secure any request with filters: DisableEncodeUrlFilter, WebAsyncManagerIntegrationFilter, SecurityContextHolderFilter, HeaderWriterFilter, CorsFilter, LogoutFilter, OAuth2ProtectedResourceMetadataFilter, BearerTokenAuthenticationFilter, AuthenticationFilter, RequestCacheAwareFilter, SecurityContextHolderAwareRequestFilter, AnonymousAuthenticationFilter, SessionManagementFilter, ExceptionTranslationFilter, AuthorizationFilter
2026-06-10T19:56:54.716+03:00  INFO 31060 --- [restartedMain] o.s.boot.tomcat.TomcatWebServer          : Tomcat started on port 8085 (http) with context path '/'
2026-06-10T19:56:54.723+03:00  INFO 31060 --- [restartedMain] com.project1.sms.SmsApplication          : Started SmsApplication in 29.931 seconds (process running for 37.513)
2026-06-10T19:58:00.423+03:00  INFO 31060 --- [http-nio-8085-exec-1] o.a.c.c.C.[Tomcat].[localhost].[/]       : Initializing Spring DispatcherServlet 'dispatcherServlet'
2026-06-10T19:58:00.423+03:00  INFO 31060 --- [http-nio-8085-exec-1] o.s.web.servlet.DispatcherServlet        : Initializing Servlet 'dispatcherServlet'
2026-06-10T19:58:00.426+03:00  INFO 31060 --- [http-nio-8085-exec-1] o.s.web.servlet.DispatcherServlet        : Completed initialization in 3 ms
2026-06-10T19:58:00.549+03:00 DEBUG 31060 --- [http-nio-8085-exec-1] o.s.security.web.FilterChainProxy        : Securing POST /api/students
2026-06-10T19:58:00.631+03:00  WARN 31060 --- [http-nio-8085-exec-1] o.s.w.s.h.HandlerMappingIntrospector     : Cache miss for REQUEST dispatch to '/api/students' (previous null). Performing CorsConfiguration lookup. This is logged once only at WARN level, and every time at TRACE.
2026-06-10T19:58:01.389+03:00 DEBUG 31060 --- [http-nio-8085-exec-1] o.s.s.oauth2.jwt.JwtTimestampValidator   : Jwt expired at 2026-06-10T16:54:52Z
2026-06-10T19:58:01.390+03:00 DEBUG 31060 --- [http-nio-8085-exec-1] o.s.s.o.s.r.a.JwtAuthenticationProvider  : Failed to authenticate since the JWT was invalid
2026-06-10T19:58:01.392+03:00 DEBUG 31060 --- [http-nio-8085-exec-1] o.s.s.authentication.ProviderManager     : Authentication failed with provider JwtAuthenticationProvider since An error occurred while attempting to decode the Jwt: Jwt expired at 2026-06-10T16:54:52Z
2026-06-10T19:58:01.395+03:00 DEBUG 31060 --- [http-nio-8085-exec-1] o.s.s.authentication.ProviderManager     : Denying authentication since all attempted providers failed
2026-06-10T19:59:19.007+03:00  INFO 31060 --- [SpringApplicationShutdownHook] o.s.boot.tomcat.GracefulShutdown         : Commencing graceful shutdown. Waiting for active requests to complete
2026-06-10T19:59:19.654+03:00  INFO 31060 --- [tomcat-shutdown] o.s.boot.tomcat.GracefulShutdown         : Graceful shutdown complete
2026-06-10T19:59:20.135+03:00  INFO 31060 --- [SpringApplicationShutdownHook] j.LocalContainerEntityManagerFactoryBean : Closing JPA EntityManagerFactory for persistence unit 'default'
2026-06-10T19:59:20.469+03:00  INFO 31060 --- [SpringApplicationShutdownHook] com.zaxxer.hikari.HikariDataSource       : HikariPool-1 - Shutdown initiated...
2026-06-10T19:59:20.487+03:00  INFO 31060 --- [SpringApplicationShutdownHook] com.zaxxer.hikari.HikariDataSource       : HikariPool-1 - Shutdown completed.
2026-06-10T20:08:10.252+03:00  INFO 31730 --- [restartedMain] com.project1.sms.SmsApplication          : Starting SmsApplication using Java 26.0.1 with PID 31730 (/home/zioncd/IdeaProjects/sms/target/classes started by zioncd in /home/zioncd/IdeaProjects/sms)
2026-06-10T20:08:10.326+03:00  INFO 31730 --- [restartedMain] com.project1.sms.SmsApplication          : The following 1 profile is active: "dev"
2026-06-10T20:08:10.998+03:00  INFO 31730 --- [restartedMain] .e.DevToolsPropertyDefaultsPostProcessor : Devtools property defaults active! Set 'spring.devtools.add-properties' to 'false' to disable
2026-06-10T20:08:10.998+03:00  INFO 31730 --- [restartedMain] .e.DevToolsPropertyDefaultsPostProcessor : For additional web related logging consider setting the 'logging.level.web' property to 'DEBUG'
2026-06-10T20:08:11.116+03:00  INFO 31730 --- [restartedMain] .s.b.d.c.l.DockerComposeLifecycleManager : Using Docker Compose file /home/zioncd/IdeaProjects/sms/compose.yaml
2026-06-10T20:08:19.164+03:00  INFO 31730 --- [restartedMain] .s.b.d.c.l.DockerComposeLifecycleManager : There are already Docker Compose services running, skipping startup
2026-06-10T20:08:21.734+03:00  INFO 31730 --- [restartedMain] .s.d.r.c.RepositoryConfigurationDelegate : Bootstrapping Spring Data JPA repositories in DEFAULT mode.
2026-06-10T20:08:21.897+03:00  INFO 31730 --- [restartedMain] .s.d.r.c.RepositoryConfigurationDelegate : Finished Spring Data repository scanning in 152 ms. Found 23 JPA repository interfaces.
2026-06-10T20:08:23.238+03:00  INFO 31730 --- [restartedMain] o.s.boot.tomcat.TomcatWebServer          : Tomcat initialized with port 8085 (http)
2026-06-10T20:08:23.314+03:00  INFO 31730 --- [restartedMain] o.apache.catalina.core.StandardService   : Starting service [Tomcat]
2026-06-10T20:08:23.315+03:00  INFO 31730 --- [restartedMain] o.apache.catalina.core.StandardEngine    : Starting Servlet engine: [Apache Tomcat/11.0.20]
2026-06-10T20:08:23.427+03:00  INFO 31730 --- [restartedMain] b.w.c.s.WebApplicationContextInitializer : Root WebApplicationContext: initialization completed in 4256 ms
2026-06-10T20:08:23.989+03:00  INFO 31730 --- [restartedMain] org.hibernate.orm.jpa                    : HHH008540: Processing PersistenceUnitInfo [name: default]
2026-06-10T20:08:24.111+03:00  INFO 31730 --- [restartedMain] org.hibernate.orm.core                   : HHH000001: Hibernate ORM core version 7.2.7.Final
2026-06-10T20:08:24.941+03:00  INFO 31730 --- [restartedMain] o.s.o.j.p.SpringPersistenceUnitInfo      : No LoadTimeWeaver setup: ignoring JPA class transformer
2026-06-10T20:08:25.145+03:00  INFO 31730 --- [restartedMain] com.zaxxer.hikari.HikariDataSource       : HikariPool-1 - Starting...
2026-06-10T20:08:28.176+03:00  INFO 31730 --- [restartedMain] com.zaxxer.hikari.pool.HikariPool        : HikariPool-1 - Added connection org.postgresql.jdbc.PgConnection@494e3973
2026-06-10T20:08:28.180+03:00  INFO 31730 --- [restartedMain] com.zaxxer.hikari.HikariDataSource       : HikariPool-1 - Start completed.
2026-06-10T20:08:28.287+03:00  WARN 31730 --- [restartedMain] org.hibernate.orm.deprecation            : HHH90000025: PostgreSQLDialect does not need to be specified explicitly using 'hibernate.dialect' (remove the property setting and it will be selected by default)
2026-06-10T20:08:28.363+03:00  INFO 31730 --- [restartedMain] org.hibernate.orm.connections.pooling    : HHH10001005: Database info:
	Database JDBC URL [jdbc:postgresql://127.0.0.1:5433/sms]
	Database driver: PostgreSQL JDBC Driver
	Database dialect: PostgreSQLDialect
	Database version: 16.1
	Default catalog/schema: sms/public
	Autocommit mode: undefined/unknown
	Isolation level: READ_COMMITTED [default READ_COMMITTED]
	JDBC fetch size: none
	Pool: DataSourceConnectionProvider
	Minimum pool size: undefined/unknown
	Maximum pool size: undefined/unknown
2026-06-10T20:08:31.545+03:00  INFO 31730 --- [restartedMain] org.hibernate.orm.core                   : HHH000489: No JTA platform available (set 'hibernate.transaction.jta.platform' to enable JTA platform integration)
2026-06-10T20:08:31.751+03:00  INFO 31730 --- [restartedMain] j.LocalContainerEntityManagerFactoryBean : Initialized JPA EntityManagerFactory for persistence unit 'default'
2026-06-10T20:08:32.090+03:00  INFO 31730 --- [restartedMain] o.s.d.j.r.query.QueryEnhancerFactories   : Hibernate is in classpath; If applicable, HQL parser will be used.
2026-06-10T20:08:33.862+03:00  INFO 31730 --- [restartedMain] eAuthenticationProviderManagerConfigurer : Global AuthenticationManager configured with AuthenticationProvider bean with name authenticationProvider
2026-06-10T20:08:33.864+03:00  WARN 31730 --- [restartedMain] r$InitializeUserDetailsManagerConfigurer : Global AuthenticationManager configured with an AuthenticationProvider bean. UserDetailsService beans will not be used by Spring Security for automatically configuring username/password login. Consider removing the AuthenticationProvider bean. Alternatively, consider using the UserDetailsService in a manually instantiated DaoAuthenticationProvider. If the current configuration is intentional, to turn off this warning, increase the logging level of 'org.springframework.security.config.annotation.authentication.configuration.InitializeUserDetailsBeanManagerConfigurer' to ERROR
2026-06-10T20:08:38.472+03:00  WARN 31730 --- [restartedMain] s.w.s.m.m.a.RequestMappingHandlerMapping : Multiple @RequestMapping annotations found on public org.springframework.http.ResponseEntity com.project1.sms.controller.ProgramController.getAllProgram(), but only the first will be used: [@org.springframework.web.bind.annotation.GetMapping(consumes={}, headers={}, name="", params={}, path={}, produces={}, value={}, version=""), @org.springframework.web.bind.annotation.PostMapping(consumes={}, headers={}, name="", params={}, path={}, produces={}, value={}, version="")]
2026-06-10T20:08:38.768+03:00 DEBUG 31730 --- [restartedMain] o.s.s.web.DefaultSecurityFilterChain     : Will secure any request with filters: DisableEncodeUrlFilter, WebAsyncManagerIntegrationFilter, SecurityContextHolderFilter, HeaderWriterFilter, CorsFilter, LogoutFilter, OAuth2ProtectedResourceMetadataFilter, BearerTokenAuthenticationFilter, AuthenticationFilter, RequestCacheAwareFilter, SecurityContextHolderAwareRequestFilter, AnonymousAuthenticationFilter, SessionManagementFilter, ExceptionTranslationFilter, AuthorizationFilter
2026-06-10T20:08:39.986+03:00  INFO 31730 --- [restartedMain] o.s.boot.tomcat.TomcatWebServer          : Tomcat started on port 8085 (http) with context path '/'
2026-06-10T20:08:39.993+03:00  INFO 31730 --- [restartedMain] com.project1.sms.SmsApplication          : Started SmsApplication in 33.874 seconds (process running for 41.746)
2026-06-10T20:11:56.676+03:00  INFO 31730 --- [http-nio-8085-exec-1] o.a.c.c.C.[Tomcat].[localhost].[/]       : Initializing Spring DispatcherServlet 'dispatcherServlet'
2026-06-10T20:11:56.830+03:00  INFO 31730 --- [http-nio-8085-exec-1] o.s.web.servlet.DispatcherServlet        : Initializing Servlet 'dispatcherServlet'
2026-06-10T20:11:56.837+03:00  INFO 31730 --- [http-nio-8085-exec-1] o.s.web.servlet.DispatcherServlet        : Completed initialization in 7 ms
2026-06-10T20:11:56.909+03:00 DEBUG 31730 --- [http-nio-8085-exec-1] o.s.security.web.FilterChainProxy        : Securing POST /api/auth/login
2026-06-10T20:11:57.055+03:00  WARN 31730 --- [http-nio-8085-exec-1] o.s.w.s.h.HandlerMappingIntrospector     : Cache miss for REQUEST dispatch to '/api/auth/login' (previous null). Performing CorsConfiguration lookup. This is logged once only at WARN level, and every time at TRACE.
2026-06-10T20:11:57.142+03:00 DEBUG 31730 --- [http-nio-8085-exec-1] o.s.s.w.a.AnonymousAuthenticationFilter  : Set SecurityContextHolder to anonymous SecurityContext
2026-06-10T20:11:57.143+03:00 DEBUG 31730 --- [http-nio-8085-exec-1] o.s.security.web.FilterChainProxy        : Secured POST /api/auth/login
2026-06-10T20:11:57.553+03:00 DEBUG 31730 --- [http-nio-8085-exec-1] horizationManagerBeforeMethodInterceptor : Authorizing method invocation ReflectiveMethodInvocation: public org.springframework.http.ResponseEntity com.project1.sms.controller.AuthController.login(com.project1.sms.requestDTO.LoginRequest); target is of class [com.project1.sms.controller.AuthController]
2026-06-10T20:11:57.628+03:00 DEBUG 31730 --- [http-nio-8085-exec-1] horizationManagerBeforeMethodInterceptor : Authorized method invocation ReflectiveMethodInvocation: public org.springframework.http.ResponseEntity com.project1.sms.controller.AuthController.login(com.project1.sms.requestDTO.LoginRequest); target is of class [com.project1.sms.controller.AuthController]
2026-06-10T20:11:58.976+03:00 DEBUG 31730 --- [http-nio-8085-exec-1] o.s.s.a.dao.DaoAuthenticationProvider    : Authenticated user
2026-06-10T20:12:25.548+03:00 DEBUG 31730 --- [http-nio-8085-exec-2] o.s.security.web.FilterChainProxy        : Securing POST /api/students
2026-06-10T20:12:25.665+03:00 DEBUG 31730 --- [http-nio-8085-exec-2] o.s.s.o.s.r.a.JwtAuthenticationProvider  : Authenticated token
2026-06-10T20:12:25.667+03:00 DEBUG 31730 --- [http-nio-8085-exec-2] .s.r.w.a.BearerTokenAuthenticationFilter : Set SecurityContextHolder to JwtAuthenticationToken [Principal=org.springframework.security.oauth2.jwt.Jwt@44dc8a7e, Credentials=[PROTECTED], Authenticated=true, Details=WebAuthenticationDetails [RemoteIpAddress=127.0.0.1, SessionId=null], Granted Authorities=[ROLE_REGISTRAR_HEAD, FactorGrantedAuthority [authority=FACTOR_BEARER, issuedAt=2026-06-10T17:12:25.616709288Z]]]
2026-06-10T20:12:25.682+03:00 DEBUG 31730 --- [http-nio-8085-exec-2] o.s.security.web.FilterChainProxy        : Secured POST /api/students
2026-06-10T20:12:25.766+03:00 DEBUG 31730 --- [http-nio-8085-exec-2] horizationManagerBeforeMethodInterceptor : Authorizing method invocation ReflectiveMethodInvocation: public org.springframework.http.ResponseEntity com.project1.sms.controller.StudentController.studentRegister(com.project1.sms.requestDTO.StudentRequest); target is of class [com.project1.sms.controller.StudentController]
2026-06-10T20:12:25.811+03:00 DEBUG 31730 --- [http-nio-8085-exec-2] horizationManagerBeforeMethodInterceptor : Authorized method invocation ReflectiveMethodInvocation: public org.springframework.http.ResponseEntity com.project1.sms.controller.StudentController.studentRegister(com.project1.sms.requestDTO.StudentRequest); target is of class [com.project1.sms.controller.StudentController]
2026-06-10T20:13:25.922+03:00  INFO 31730 --- [SpringApplicationShutdownHook] o.s.boot.tomcat.GracefulShutdown         : Commencing graceful shutdown. Waiting for active requests to complete
2026-06-10T20:13:26.198+03:00  INFO 31730 --- [tomcat-shutdown] o.s.boot.tomcat.GracefulShutdown         : Graceful shutdown complete
2026-06-10T20:13:26.337+03:00  INFO 31730 --- [SpringApplicationShutdownHook] j.LocalContainerEntityManagerFactoryBean : Closing JPA EntityManagerFactory for persistence unit 'default'
2026-06-10T20:13:26.456+03:00  INFO 31730 --- [SpringApplicationShutdownHook] com.zaxxer.hikari.HikariDataSource       : HikariPool-1 - Shutdown initiated...
2026-06-10T20:13:26.468+03:00  INFO 31730 --- [SpringApplicationShutdownHook] com.zaxxer.hikari.HikariDataSource       : HikariPool-1 - Shutdown completed.
